<TICKER>;<PER>;<DATE>;<TIME>;<OPEN>;<HIGH>;<LOW>;<CLOSE>;<VOL>;<OPENINT>
ЯНДЕКС;60;20240724;090000;4542;4542;4542;4542;27901;0
ЯНДЕКС;60;20240724;100000;4541;4542;4195.5;4249.5;1820602;0
ЯНДЕКС;60;20240724;110000;4249;4274;4231.5;4241;764926;0
ЯНДЕКС;60;20240724;120000;4241.5;4248;4155.5;4182.5;522916;0
ЯНДЕКС;60;20240724;130000;4182;4192.5;4151;4177;384845;0
ЯНДЕКС;60;20240724;140000;4177.5;4180.5;4111;4127.5;512849;0
ЯНДЕКС;60;20240724;150000;4128.5;4130;4105;4112;284998;0
ЯНДЕКС;60;20240724;160000;4111;4158;4110.5;4119;433993;0
ЯНДЕКС;60;20240724;170000;4119;4129;4107.5;4116.5;147553;0
ЯНДЕКС;60;20240724;180000;4116.5;4128;4100;4111.5;137879;0
ЯНДЕКС;60;20240724;190000;4111.5;4150;4104;4147.5;110394;0
ЯНДЕКС;60;20240724;200000;4147;4149;4123.5;4140;56947;0
ЯНДЕКС;60;20240724;210000;4140.5;4150;4129;4142;37130;0
ЯНДЕКС;60;20240724;220000;4140;4150;4137;4148.5;36929;0
ЯНДЕКС;60;20240724;230000;4148.5;4150;4141.5;4148.5;20920;0
ЯНДЕКС;60;20240725;090000;4153.5;4153.5;4153.5;4153.5;949;0
ЯНДЕКС;60;20240725;100000;4154.5;4186;4077;4099.5;584380;0
ЯНДЕКС;60;20240725;110000;4099.5;4103;4070;4084;220189;0
ЯНДЕКС;60;20240725;120000;4083;4105;4079;4096;127336;0
ЯНДЕКС;60;20240725;130000;4097;4117.5;4096;4108;164100;0
ЯНДЕКС;60;20240725;140000;4108;4125;4095;4113.5;168656;0
ЯНДЕКС;60;20240725;150000;4114;4115;4098.5;4109;79065;0
ЯНДЕКС;60;20240725;160000;4108;4124.5;4097;4120;230397;0
ЯНДЕКС;60;20240725;170000;4120;4124.5;4112;4113.5;78319;0
ЯНДЕКС;60;20240725;180000;4113.5;4146;4111.5;4135;174608;0
ЯНДЕКС;60;20240725;190000;4135;4136;4125;4130;20762;0
ЯНДЕКС;60;20240725;200000;4129.5;4135;4126.5;4133.5;13931;0
ЯНДЕКС;60;20240725;210000;4134.5;4139.5;4131;4134.5;16219;0
ЯНДЕКС;60;20240725;220000;4134.5;4135.5;4125;4129.5;12416;0
ЯНДЕКС;60;20240725;230000;4129.5;4138;4121;4137.5;14276;0
ЯНДЕКС;60;20240726;090000;4137.5;4137.5;4137.5;4137.5;1874;0
ЯНДЕКС;60;20240726;100000;4138;4176.5;4120.5;4166.5;392924;0
ЯНДЕКС;60;20240726;110000;4166.5;4172.5;4150;4158;147887;0
ЯНДЕКС;60;20240726;120000;4158;4164.5;4150;4160;89689;0
ЯНДЕКС;60;20240726;130000;4160;4169;4100;4116;436159;0
ЯНДЕКС;60;20240726;140000;4114;4118;4012;4013.5;550130;0
ЯНДЕКС;60;20240726;150000;4013.5;4020;3933;3972;1077377;0
ЯНДЕКС;60;20240726;160000;3971.5;4030;3960.5;4029;562812;0
ЯНДЕКС;60;20240726;170000;4029;4036;3986.5;4011.5;359507;0
ЯНДЕКС;60;20240726;180000;4010;4012.5;3979.5;3984;165108;0
ЯНДЕКС;60;20240726;190000;3977.5;3996;3961;3977.5;92978;0
ЯНДЕКС;60;20240726;200000;3979;3998;3976.5;3987;33964;0
ЯНДЕКС;60;20240726;210000;3986;3987;3951.5;3952;80153;0
ЯНДЕКС;60;20240726;220000;3951.5;3961.5;3931;3958;121044;0
ЯНДЕКС;60;20240726;230000;3958.5;3980;3939.5;3962.5;76383;0
ЯНДЕКС;60;20240729;090000;3935;3935;3935;3935;4781;0
ЯНДЕКС;60;20240729;100000;3934.5;3935;3810;3835;1283897;0
ЯНДЕКС;60;20240729;110000;3834;3847.5;3815;3821;370069;0
ЯНДЕКС;60;20240729;120000;3819;3820.5;3783;3804.5;651103;0
ЯНДЕКС;60;20240729;130000;3805;3843;3804;3813;314720;0
ЯНДЕКС;60;20240729;140000;3814;3875;3814;3869.5;286060;0
ЯНДЕКС;60;20240729;150000;3870;3904.5;3850;3887.5;435987;0
ЯНДЕКС;60;20240729;160000;3887;3932.5;3870;3911.5;435426;0
ЯНДЕКС;60;20240729;170000;3911.5;3918;3851;3854;312180;0
ЯНДЕКС;60;20240729;180000;3854;3871.5;3834;3840;188988;0
ЯНДЕКС;60;20240729;190000;3840;3853.5;3803;3833.5;191682;0
ЯНДЕКС;60;20240729;200000;3834.5;3855.5;3830.5;3852;63685;0
ЯНДЕКС;60;20240729;210000;3852.5;3866.5;3838;3847;65177;0
ЯНДЕКС;60;20240729;220000;3847;3858;3829;3850.5;61014;0
ЯНДЕКС;60;20240729;230000;3850;3886;3850;3867;66181;0
ЯНДЕКС;60;20240730;090000;3917;3917;3917;3917;18843;0
ЯНДЕКС;60;20240730;100000;3917;3944;3809;3896.5;1569973;0
ЯНДЕКС;60;20240730;110000;3896;3920;3873;3883.5;486484;0
ЯНДЕКС;60;20240730;120000;3884;3910.5;3880;3900;233791;0
ЯНДЕКС;60;20240730;130000;3899.5;3914.5;3887;3902.5;242164;0
ЯНДЕКС;60;20240730;140000;3902;3919;3895;3912;215566;0
ЯНДЕКС;60;20240730;150000;3912;3915;3900;3911.5;124176;0
ЯНДЕКС;60;20240730;160000;3911.5;3939.5;3905;3935.5;308766;0
ЯНДЕКС;60;20240730;170000;3937;3949;3881;3907.5;551144;0
ЯНДЕКС;60;20240730;180000;3909;3925;3895;3895;142432;0
ЯНДЕКС;60;20240730;190000;3901;3913.5;3900;3907;41079;0
ЯНДЕКС;60;20240730;200000;3907.5;3922;3902.5;3910;41988;0
ЯНДЕКС;60;20240730;210000;3910.5;3914.5;3903.5;3911.5;22375;0
ЯНДЕКС;60;20240730;220000;3911.5;3918;3905;3914.5;46448;0
ЯНДЕКС;60;20240730;230000;3914.5;3915.5;3908;3910;24899;0
ЯНДЕКС;60;20240731;090000;3915.5;3915.5;3915.5;3915.5;1696;0
ЯНДЕКС;60;20240731;100000;3916;3954.5;3902.5;3924;411584;0
ЯНДЕКС;60;20240731;110000;3923.5;3939;3917;3920;219007;0
ЯНДЕКС;60;20240731;120000;3920;3920;3865.5;3882.5;403484;0
ЯНДЕКС;60;20240731;130000;3883;3898;3882.5;3891;152409;0
ЯНДЕКС;60;20240731;140000;3892.5;3910;3881.5;3883.5;179706;0
ЯНДЕКС;60;20240731;150000;3883;3898;3868;3873.5;297661;0
ЯНДЕКС;60;20240731;160000;3873.5;3889.5;3871;3887.5;96740;0
ЯНДЕКС;60;20240731;170000;3887;3896;3883;3885.5;60113;0
ЯНДЕКС;60;20240731;180000;3884.5;3894.5;3875;3894;60232;0
ЯНДЕКС;60;20240731;190000;3895.5;3900;3887.5;3892.5;40503;0
ЯНДЕКС;60;20240731;200000;3893;3897.5;3885.5;3892.5;19423;0
ЯНДЕКС;60;20240731;210000;3892.5;3895;3886.5;3889;20530;0
ЯНДЕКС;60;20240731;220000;3888;3891;3876;3886;26143;0
ЯНДЕКС;60;20240731;230000;3886;3894.5;3880;3892;18313;0
ЯНДЕКС;60;20240801;090000;3895;3895;3895;3895;1019;0
ЯНДЕКС;60;20240801;100000;3894.5;3910;3867;3900.5;269572;0
ЯНДЕКС;60;20240801;110000;3900.5;3903;3885;3894.5;92292;0
ЯНДЕКС;60;20240801;120000;3895;3904.5;3892;3901;86985;0
ЯНДЕКС;60;20240801;130000;3899.5;3921;3899.5;3913;159843;0
ЯНДЕКС;60;20240801;140000;3912.5;3916;3890;3902.5;97507;0
ЯНДЕКС;60;20240801;150000;3902;3906.5;3891;3899.5;67966;0
ЯНДЕКС;60;20240801;160000;3897.5;3914;3895.5;3909;96046;0
ЯНДЕКС;60;20240801;170000;3909;3914;3893;3900.5;63383;0
ЯНДЕКС;60;20240801;180000;3900.5;3910;3889;3910;113282;0
ЯНДЕКС;60;20240801;190000;3909;3909;3895;3898;24098;0
ЯНДЕКС;60;20240801;200000;3898;3898;3880;3882.5;48173;0
ЯНДЕКС;60;20240801;210000;3882.5;3882.5;3861;3869;64613;0
ЯНДЕКС;60;20240801;220000;3870;3884.5;3865;3880.5;23662;0
ЯНДЕКС;60;20240801;230000;3880.5;3881;3870.5;3871.5;18165;0
ЯНДЕКС;60;20240802;090000;3871.5;3871.5;3871.5;3871.5;459;0
ЯНДЕКС;60;20240802;100000;3872;3874;3814;3840;462059;0
ЯНДЕКС;60;20240802;110000;3840;3840;3796.5;3802.5;346254;0
ЯНДЕКС;60;20240802;120000;3801.5;3817;3765.5;3795.5;461368;0
ЯНДЕКС;60;20240802;130000;3795.5;3803;3778.5;3789;125777;0
ЯНДЕКС;60;20240802;140000;3788;3788;3764.5;3779;183136;0
ЯНДЕКС;60;20240802;150000;3779;3790;3771.5;3783.5;115181;0
ЯНДЕКС;60;20240802;160000;3783;3797;3782;3785;85723;0
ЯНДЕКС;60;20240802;170000;3784;3821;3783;3796.5;229740;0
ЯНДЕКС;60;20240802;180000;3796.5;3804;3767;3775;128699;0
ЯНДЕКС;60;20240802;190000;3772.5;3781;3732;3738.5;231610;0
ЯНДЕКС;60;20240802;200000;3739.5;3749.5;3726;3741.5;102225;0
ЯНДЕКС;60;20240802;210000;3741.5;3750;3738.5;3742;46943;0
ЯНДЕКС;60;20240802;220000;3742;3746.5;3729;3734.5;39306;0
ЯНДЕКС;60;20240802;230000;3735;3735;3726;3728.5;52884;0
ЯНДЕКС;60;20240805;090000;3605.5;3605.5;3605.5;3605.5;24335;0
ЯНДЕКС;60;20240805;100000;3607;3657;3551;3611;1171483;0
ЯНДЕКС;60;20240805;110000;3612;3628;3575;3590;424935;0
ЯНДЕКС;60;20240805;120000;3590;3620;3565.5;3618;487345;0
ЯНДЕКС;60;20240805;130000;3618.5;3622.5;3585;3612;256567;0
ЯНДЕКС;60;20240805;140000;3611;3612;3582;3585;136018;0
ЯНДЕКС;60;20240805;150000;3585;3594;3553.5;3573;297537;0
ЯНДЕКС;60;20240805;160000;3573;3613.5;3567;3579.5;380620;0
ЯНДЕКС;60;20240805;170000;3579.5;3606.5;3576.5;3606.5;155194;0
ЯНДЕКС;60;20240805;180000;3606.5;3623;3600;3615;164732;0
ЯНДЕКС;60;20240805;190000;3615;3635;3607;3627.5;117467;0
ЯНДЕКС;60;20240805;200000;3628;3640;3612;3621.5;72198;0
ЯНДЕКС;60;20240805;210000;3620;3628;3591;3594;69019;0
ЯНДЕКС;60;20240805;220000;3593.5;3603.5;3588.5;3592;36079;0
ЯНДЕКС;60;20240805;230000;3593;3604.5;3580;3585;47300;0
ЯНДЕКС;60;20240806;090000;3643;3643;3643;3643;4014;0
ЯНДЕКС;60;20240806;100000;3643;3699.5;3631.5;3696;640740;0
ЯНДЕКС;60;20240806;110000;3695;3700;3640;3642.5;280388;0
ЯНДЕКС;60;20240806;120000;3642;3660;3623;3641;156271;0
ЯНДЕКС;60;20240806;130000;3640.5;3656;3630;3650;116356;0
ЯНДЕКС;60;20240806;140000;3649.5;3665.5;3634;3637;105038;0
ЯНДЕКС;60;20240806;150000;3637;3645.5;3588.5;3594;205580;0
ЯНДЕКС;60;20240806;160000;3595;3606.5;3564;3596;256231;0
ЯНДЕКС;60;20240806;170000;3596;3637;3595;3626;247686;0
ЯНДЕКС;60;20240806;180000;3625;3656.5;3620;3640;124578;0
ЯНДЕКС;60;20240806;190000;3654;3654;3640;3644.5;48054;0
ЯНДЕКС;60;20240806;200000;3643.5;3646;3640;3641.5;18042;0
ЯНДЕКС;60;20240806;210000;3641.5;3660;3641.5;3660;48589;0
ЯНДЕКС;60;20240806;220000;3659.5;3665.5;3650;3656;32894;0
ЯНДЕКС;60;20240806;230000;3654.5;3656;3630;3644;57424;0
ЯНДЕКС;60;20240807;090000;3661.5;3661.5;3661.5;3661.5;1506;0
ЯНДЕКС;60;20240807;100000;3662;3695;3650.5;3663.5;376992;0
ЯНДЕКС;60;20240807;110000;3665;3665;3605;3636;326264;0
ЯНДЕКС;60;20240807;120000;3636;3681.5;3620;3674;257500;0
ЯНДЕКС;60;20240807;130000;3674;3677;3638;3645;138543;0
ЯНДЕКС;60;20240807;140000;3644.5;3694;3644.5;3687.5;167591;0
ЯНДЕКС;60;20240807;150000;3687;3769;3687;3760.5;776266;0
ЯНДЕКС;60;20240807;160000;3760.5;3828;3751;3792;785310;0
ЯНДЕКС;60;20240807;170000;3792.5;3834;3791;3826.5;532779;0
ЯНДЕКС;60;20240807;180000;3826;3844;3812.5;3836;247964;0
ЯНДЕКС;60;20240807;190000;3842;3876;3831.5;3839;315426;0
ЯНДЕКС;60;20240807;200000;3839;3848.5;3808.5;3827.5;191460;0
ЯНДЕКС;60;20240807;210000;3827.5;3828.5;3806;3810;83267;0
ЯНДЕКС;60;20240807;220000;3810.5;3839;3808;3836;87044;0
ЯНДЕКС;60;20240807;230000;3835.5;3854;3834;3854;71630;0
ЯНДЕКС;60;20240808;090000;3860;3860;3860;3860;3600;0
ЯНДЕКС;60;20240808;100000;3860;3929.5;3839;3890;1079696;0
ЯНДЕКС;60;20240808;110000;3890;3909.5;3852;3904;643879;0
ЯНДЕКС;60;20240808;120000;3904.5;3915;3871;3887.5;283459;0
ЯНДЕКС;60;20240808;130000;3887.5;3898;3865;3873.5;203789;0
ЯНДЕКС;60;20240808;140000;3873.5;3897;3844.5;3886;294689;0
ЯНДЕКС;60;20240808;150000;3886;3898.5;3872;3876;120898;0
ЯНДЕКС;60;20240808;160000;3876;3884.5;3860.5;3865.5;107878;0
ЯНДЕКС;60;20240808;170000;3865;3883;3861.5;3876;116869;0
ЯНДЕКС;60;20240808;180000;3876;3877.5;3861;3870;75884;0
ЯНДЕКС;60;20240808;190000;3860.5;3865;3810;3812;235347;0
ЯНДЕКС;60;20240808;200000;3812;3837;3790.5;3809;192870;0
ЯНДЕКС;60;20240808;210000;3809;3825;3800;3824;68537;0
ЯНДЕКС;60;20240808;220000;3824;3839;3810;3814;61486;0
ЯНДЕКС;60;20240808;230000;3814.5;3832.5;3810;3828;33604;0
ЯНДЕКС;60;20240809;090000;3826;3826;3826;3826;535;0
ЯНДЕКС;60;20240809;100000;3826;3870.5;3792.5;3859.5;400935;0
ЯНДЕКС;60;20240809;110000;3859.5;3868;3829;3856.5;186094;0
ЯНДЕКС;60;20240809;120000;3856.5;3862.5;3830;3842.5;92406;0
ЯНДЕКС;60;20240809;130000;3840.5;3853;3832.5;3841.5;58157;0
ЯНДЕКС;60;20240809;140000;3841.5;3850.5;3831;3841.5;63497;0
ЯНДЕКС;60;20240809;150000;3842;3858.5;3835;3853.5;57792;0
ЯНДЕКС;60;20240809;160000;3854;3855.5;3830;3837;70937;0
ЯНДЕКС;60;20240809;170000;3835.5;3847.5;3832;3842.5;33357;0
ЯНДЕКС;60;20240809;180000;3843;3848.5;3838.5;3846;24404;0
ЯНДЕКС;60;20240809;190000;3846;3848;3836;3845;28127;0
ЯНДЕКС;60;20240809;200000;3845;3849;3836;3842;32692;0
ЯНДЕКС;60;20240809;210000;3842.5;3844.5;3839;3844.5;15591;0
ЯНДЕКС;60;20240809;220000;3844;3848;3840;3844.5;21632;0
ЯНДЕКС;60;20240809;230000;3844;3855.5;3841.5;3854.5;37751;0
ЯНДЕКС;60;20240812;090000;3829;3829;3829;3829;1837;0
ЯНДЕКС;60;20240812;100000;3834.5;3853;3805.5;3827;258953;0
ЯНДЕКС;60;20240812;110000;3826.5;3838;3808;3821.5;110251;0
ЯНДЕКС;60;20240812;120000;3821.5;3835;3810.5;3832.5;72604;0
ЯНДЕКС;60;20240812;130000;3833;3847;3824.5;3841.5;57222;0
ЯНДЕКС;60;20240812;140000;3841;3893;3839;3884;290374;0
ЯНДЕКС;60;20240812;150000;3884;3917;3883;3903;295656;0
ЯНДЕКС;60;20240812;160000;3903.5;3912.5;3885.5;3889.5;151170;0
ЯНДЕКС;60;20240812;170000;3889.5;3912;3886;3906;110644;0
ЯНДЕКС;60;20240812;180000;3905.5;3920;3900;3916.5;110342;0
ЯНДЕКС;60;20240812;190000;3916;3917;3905;3911;38966;0
ЯНДЕКС;60;20240812;200000;3911.5;3912.5;3900.5;3909.5;39556;0
ЯНДЕКС;60;20240812;210000;3909.5;3916.5;3908.5;3914.5;35129;0
ЯНДЕКС;60;20240812;220000;3914.5;3923;3908;3908.5;56833;0
ЯНДЕКС;60;20240812;230000;3908.5;3923;3908;3923;29272;0
ЯНДЕКС;60;20240813;090000;3938;3938;3938;3938;1853;0
ЯНДЕКС;60;20240813;100000;3937.5;3964;3911;3917;351915;0
ЯНДЕКС;60;20240813;110000;3917;3923.5;3903.5;3919.5;123531;0
ЯНДЕКС;60;20240813;120000;3921;3936.5;3908.5;3926.5;146139;0
ЯНДЕКС;60;20240813;130000;3927;3931.5;3910;3915.5;93861;0
ЯНДЕКС;60;20240813;140000;3915.5;3918;3910;3915.5;66681;0
ЯНДЕКС;60;20240813;150000;3915.5;3925.5;3912.5;3915;70610;0
ЯНДЕКС;60;20240813;160000;3914.5;3926.5;3912.5;3924.5;68994;0
ЯНДЕКС;60;20240813;170000;3925;3930;3914;3914.5;66653;0
ЯНДЕКС;60;20240813;180000;3914;3919.5;3910;3912;54708;0
ЯНДЕКС;60;20240813;190000;3911.5;3919.5;3911.5;3918;12799;0
ЯНДЕКС;60;20240813;200000;3918;3919.5;3910;3915;14661;0
ЯНДЕКС;60;20240813;210000;3915;3915.5;3910;3911.5;15586;0
ЯНДЕКС;60;20240813;220000;3911;3915;3910;3914;13052;0
ЯНДЕКС;60;20240813;230000;3914;3916;3910.5;3911;17494;0
ЯНДЕКС;60;20240814;090000;3915;3915;3915;3915;389;0
ЯНДЕКС;60;20240814;100000;3915;3929;3891;3910;178035;0
ЯНДЕКС;60;20240814;110000;3910;3914;3896.5;3913;103539;0
ЯНДЕКС;60;20240814;120000;3912;3913;3892.5;3904.5;69871;0
ЯНДЕКС;60;20240814;130000;3904.5;3908;3877;3883;104401;0
ЯНДЕКС;60;20240814;140000;3885.5;3905;3875;3891;70641;0
ЯНДЕКС;60;20240814;150000;3890.5;3904.5;3890;3897;36245;0
ЯНДЕКС;60;20240814;160000;3897;3897;3883.5;3883.5;8158;0
ЯНДЕКС;60;20240814;170000;3883;3889.5;3860.5;3874.5;99174;0
ЯНДЕКС;60;20240814;180000;3874.5;3875.5;3841.5;3873;121938;0
ЯНДЕКС;60;20240814;190000;3870;3873;3841.5;3870;72693;0
ЯНДЕКС;60;20240814;200000;3869.5;3880.5;3855.5;3862;38945;0
ЯНДЕКС;60;20240814;210000;3862;3863;3845.5;3859;27637;0
ЯНДЕКС;60;20240814;220000;3860.5;3860.5;3825;3838;44801;0
ЯНДЕКС;60;20240814;230000;3839;3847;3830.5;3831.5;20250;0
ЯНДЕКС;60;20240815;090000;3832;3832;3832;3832;308;0
ЯНДЕКС;60;20240815;100000;3832;3860;3808;3814.5;191533;0
ЯНДЕКС;60;20240815;110000;3813;3825;3792;3797.5;127827;0
ЯНДЕКС;60;20240815;120000;3797.5;3835;3783;3826.5;164124;0
ЯНДЕКС;60;20240815;130000;3826.5;3829;3801;3815.5;82556;0
ЯНДЕКС;60;20240815;140000;3815.5;3820;3810;3815;59721;0
ЯНДЕКС;60;20240815;150000;3815;3830;3803.5;3815;77815;0
ЯНДЕКС;60;20240815;160000;3815;3828;3814;3828;58859;0
ЯНДЕКС;60;20240815;170000;3828;3859.5;3827;3848;185178;0
ЯНДЕКС;60;20240815;180000;3849;3851;3840;3848;64991;0
ЯНДЕКС;60;20240815;190000;3845;3857.5;3835.5;3855;42483;0
ЯНДЕКС;60;20240815;200000;3854.5;3858.5;3840;3843.5;20613;0
ЯНДЕКС;60;20240815;210000;3843.5;3848;3832;3833;15113;0
ЯНДЕКС;60;20240815;220000;3833.5;3836;3825;3829.5;19767;0
ЯНДЕКС;60;20240815;230000;3829;3834.5;3825;3828;18868;0
ЯНДЕКС;60;20240816;090000;3828.5;3828.5;3828.5;3828.5;1145;0
ЯНДЕКС;60;20240816;100000;3828.5;3856;3816;3829;119403;0
ЯНДЕКС;60;20240816;110000;3828.5;3836.5;3815;3825.5;86159;0
ЯНДЕКС;60;20240816;120000;3824;3845.5;3820;3844;74626;0
ЯНДЕКС;60;20240816;130000;3844;3845;3820.5;3830.5;47899;0
ЯНДЕКС;60;20240816;140000;3831;3835;3822.5;3825.5;41768;0
ЯНДЕКС;60;20240816;150000;3825.5;3841.5;3822.5;3840;67794;0
ЯНДЕКС;60;20240816;160000;3840.5;3843;3832;3838.5;62536;0
ЯНДЕКС;60;20240816;170000;3839.5;3840;3827;3829;40659;0
ЯНДЕКС;60;20240816;180000;3832;3840;3819.5;3840;75518;0
ЯНДЕКС;60;20240816;190000;3836;3838.5;3827;3830;21048;0
ЯНДЕКС;60;20240816;200000;3830;3830.5;3805;3806;66264;0
ЯНДЕКС;60;20240816;210000;3806.5;3813;3784.5;3790;91221;0
ЯНДЕКС;60;20240816;220000;3790;3797;3756;3763;177343;0
ЯНДЕКС;60;20240816;230000;3762.5;3784.5;3756;3776.5;110795;0
ЯНДЕКС;60;20240819;090000;3799;3799;3799;3799;2782;0
ЯНДЕКС;60;20240819;100000;3798.5;3825;3761;3783.5;237373;0
ЯНДЕКС;60;20240819;110000;3782.5;3820;3781.5;3787.5;150070;0
ЯНДЕКС;60;20240819;120000;3786;3789.5;3756.5;3760.5;138598;0
ЯНДЕКС;60;20240819;130000;3760.5;3763;3718.5;3748.5;303618;0
ЯНДЕКС;60;20240819;140000;3748.5;3756.5;3716.5;3731;144524;0
ЯНДЕКС;60;20240819;150000;3731;3731;3694;3702.5;237060;0
ЯНДЕКС;60;20240819;160000;3700.5;3758;3695;3744;253811;0
ЯНДЕКС;60;20240819;170000;3743.5;3750;3724;3747;132570;0
ЯНДЕКС;60;20240819;180000;3745;3745.5;3717;3719.5;64926;0
ЯНДЕКС;60;20240819;190000;3718.5;3718.5;3680.5;3709.5;118705;0
ЯНДЕКС;60;20240819;200000;3710;3718.5;3699;3706.5;35727;0
ЯНДЕКС;60;20240819;210000;3708;3711;3700;3705.5;33867;0
ЯНДЕКС;60;20240819;220000;3705.5;3715;3700;3714.5;20333;0
ЯНДЕКС;60;20240819;230000;3714.5;3734.5;3713.5;3725.5;31556;0
ЯНДЕКС;60;20240820;090000;3742;3742;3742;3742;670;0
ЯНДЕКС;60;20240820;100000;3739;3755;3705;3707.5;216789;0
ЯНДЕКС;60;20240820;110000;3708;3736;3683.5;3733.5;223243;0
ЯНДЕКС;60;20240820;120000;3733.5;3749.5;3718;3749;104527;0
ЯНДЕКС;60;20240820;130000;3749;3768.5;3740;3761.5;139490;0
ЯНДЕКС;60;20240820;140000;3761.5;3768.5;3747;3767;103775;0
ЯНДЕКС;60;20240820;150000;3767;3787.5;3751;3756;118905;0
ЯНДЕКС;60;20240820;160000;3755;3779;3755;3773.5;73906;0
ЯНДЕКС;60;20240820;170000;3774;3779.5;3752;3756;82763;0
ЯНДЕКС;60;20240820;180000;3754;3765;3745;3762.5;68659;0
ЯНДЕКС;60;20240820;190000;3763;3763;3736;3740;32265;0
ЯНДЕКС;60;20240820;200000;3740.5;3748.5;3732.5;3746;25071;0
ЯНДЕКС;60;20240820;210000;3746;3759;3743;3743;18003;0
ЯНДЕКС;60;20240820;220000;3744;3748.5;3739;3747.5;11900;0
ЯНДЕКС;60;20240820;230000;3747.5;3753;3742;3753;14153;0
ЯНДЕКС;60;20240821;090000;3755;3755;3755;3755;264;0
ЯНДЕКС;60;20240821;100000;3756;3789;3742;3770;150091;0
ЯНДЕКС;60;20240821;110000;3770;3777;3732.5;3743;128162;0
ЯНДЕКС;60;20240821;120000;3743;3749.5;3712.5;3732;122929;0
ЯНДЕКС;60;20240821;130000;3731;3762;3718;3750;99647;0
ЯНДЕКС;60;20240821;140000;3751.5;3769;3732.5;3762.5;67169;0
ЯНДЕКС;60;20240821;150000;3762;3787;3761;3770;91216;0
ЯНДЕКС;60;20240821;160000;3769;3842;3759.5;3832;236058;0
ЯНДЕКС;60;20240821;170000;3832.5;3853;3824;3832;222417;0
ЯНДЕКС;60;20240821;180000;3831.5;3832.5;3798;3800;112183;0
ЯНДЕКС;60;20240821;190000;3802.5;3833;3800;3810.5;40160;0
ЯНДЕКС;60;20240821;200000;3810.5;3821.5;3810;3819;10907;0
ЯНДЕКС;60;20240821;210000;3819.5;3823;3804;3815.5;19204;0
ЯНДЕКС;60;20240821;220000;3814.5;3836.5;3812;3834;23702;0
ЯНДЕКС;60;20240821;230000;3834;3837.5;3825;3836.5;19908;0
ЯНДЕКС;60;20240822;090000;3836.5;3836.5;3836.5;3836.5;319;0
ЯНДЕКС;60;20240822;100000;3837;3873;3824;3845.5;216249;0
ЯНДЕКС;60;20240822;110000;3848;3873;3842.5;3868;147143;0
ЯНДЕКС;60;20240822;120000;3868;3868.5;3847;3856.5;71019;0
ЯНДЕКС;60;20240822;130000;3856.5;3884;3852;3858.5;144053;0
ЯНДЕКС;60;20240822;140000;3859;3869.5;3820;3836;150929;0
ЯНДЕКС;60;20240822;150000;3837;3849;3822;3822.5;106689;0
ЯНДЕКС;60;20240822;160000;3822.5;3844;3801;3825;150823;0
ЯНДЕКС;60;20240822;170000;3825;3845;3810.5;3821;124110;0
ЯНДЕКС;60;20240822;180000;3821.5;3822;3786;3790;122191;0
ЯНДЕКС;60;20240822;190000;3794;3815;3760.5;3809;117248;0
ЯНДЕКС;60;20240822;200000;3808.5;3814.5;3783;3800;51851;0
ЯНДЕКС;60;20240822;210000;3798.5;3800;3780;3780;32083;0
ЯНДЕКС;60;20240822;220000;3780;3810;3778.5;3801.5;39325;0
ЯНДЕКС;60;20240822;230000;3801.5;3807;3785;3794;30984;0
ЯНДЕКС;60;20240823;090000;3794;3794;3794;3794;1065;0
ЯНДЕКС;60;20240823;100000;3795;3836.5;3784.5;3807.5;298539;0
ЯНДЕКС;60;20240823;110000;3807;3825;3790;3794.5;152879;0
ЯНДЕКС;60;20240823;120000;3794.5;3820;3790.5;3813.5;95199;0
ЯНДЕКС;60;20240823;130000;3814.5;3815;3795.5;3805;88515;0
ЯНДЕКС;60;20240823;140000;3803;3816.5;3794.5;3802;64530;0
ЯНДЕКС;60;20240823;150000;3802;3810;3777;3800.5;123127;0
ЯНДЕКС;60;20240823;160000;3800;3814.5;3799.5;3808;58951;0
ЯНДЕКС;60;20240823;170000;3807;3814.5;3790;3795.5;92828;0
ЯНДЕКС;60;20240823;180000;3795.5;3798;3730;3766;220435;0
ЯНДЕКС;60;20240823;190000;3766;3789;3751;3783;48769;0
ЯНДЕКС;60;20240823;200000;3784;3799;3780.5;3794;31385;0
ЯНДЕКС;60;20240823;210000;3794;3802;3790;3801;20593;0
ЯНДЕКС;60;20240823;220000;3801;3824.5;3800.5;3806;59985;0
ЯНДЕКС;60;20240823;230000;3805;3825;3801;3807;33328;0
ЯНДЕКС;60;20240826;090000;3880;3880;3880;3880;2836;0
ЯНДЕКС;60;20240826;100000;3879.5;3908;3851;3898.5;397991;0
ЯНДЕКС;60;20240826;110000;3898.5;3915;3866;3909.5;240118;0
ЯНДЕКС;60;20240826;120000;3910;3932.5;3903;3912;260166;0
ЯНДЕКС;60;20240826;130000;3912;3930.5;3911.5;3928;95994;0
ЯНДЕКС;60;20240826;140000;3928;3932;3910;3918.5;126152;0
ЯНДЕКС;60;20240826;150000;3918.5;3928;3903;3914.5;113765;0
ЯНДЕКС;60;20240826;160000;3916;3945;3913.5;3916.5;208439;0
ЯНДЕКС;60;20240826;170000;3918;3924;3891;3901;124554;0
ЯНДЕКС;60;20240826;180000;3901.5;3915;3876;3888;97026;0
ЯНДЕКС;60;20240826;190000;3888;3907;3888;3904.5;29367;0
ЯНДЕКС;60;20240826;200000;3905;3909.5;3899;3904.5;14557;0
ЯНДЕКС;60;20240826;210000;3903.5;3909.5;3900.5;3909;9945;0
ЯНДЕКС;60;20240826;220000;3908;3913.5;3907.5;3912;13877;0
ЯНДЕКС;60;20240826;230000;3910.5;3920;3910;3913.5;17005;0
ЯНДЕКС;60;20240827;090000;3910.5;3910.5;3910.5;3910.5;1809;0
ЯНДЕКС;60;20240827;100000;3911;3942.5;3895.5;3920.5;163768;0
ЯНДЕКС;60;20240827;110000;3920;3925;3890;3891.5;122785;0
ЯНДЕКС;60;20240827;120000;3892;3909.5;3881;3896.5;120238;0
ЯНДЕКС;60;20240827;130000;3898;3910;3886.5;3887.5;63680;0
ЯНДЕКС;60;20240827;140000;3887.5;3894;3861;3884;78743;0
ЯНДЕКС;60;20240827;150000;3882;3883.5;3860;3872.5;56530;0
ЯНДЕКС;60;20240827;160000;3872;3883;3828.5;3846;119073;0
ЯНДЕКС;60;20240827;170000;3846.5;3877.5;3836.5;3863;57241;0
ЯНДЕКС;60;20240827;180000;3862.5;3866;3851;3854;16330;0
ЯНДЕКС;60;20240827;190000;3854;3867;3846.5;3850;21951;0
ЯНДЕКС;60;20240827;200000;3848;3859;3842;3858.5;18330;0
ЯНДЕКС;60;20240827;210000;3858.5;3859;3849;3852.5;12905;0
ЯНДЕКС;60;20240827;220000;3852;3859;3830;3855.5;40640;0
ЯНДЕКС;60;20240827;230000;3856;3859;3842;3844;16347;0
ЯНДЕКС;60;20240828;090000;3844;3844;3844;3844;636;0
ЯНДЕКС;60;20240828;100000;3844;3852.5;3824.5;3840.5;138210;0
ЯНДЕКС;60;20240828;110000;3840.5;3852;3838.5;3851;47827;0
ЯНДЕКС;60;20240828;120000;3851;3877;3842;3849;85085;0
ЯНДЕКС;60;20240828;130000;3848.5;3865;3834.5;3851.5;108290;0
ЯНДЕКС;60;20240828;140000;3852;3853.5;3819;3829;113268;0
ЯНДЕКС;60;20240828;150000;3831;3867;3828;3867;92490;0
ЯНДЕКС;60;20240828;160000;3867;3896.5;3865.5;3879;202215;0
ЯНДЕКС;60;20240828;170000;3879;3919;3875.5;3888.5;114861;0
ЯНДЕКС;60;20240828;180000;3888;3889.5;3873;3874.5;69341;0
ЯНДЕКС;60;20240828;190000;3875;3920;3875;3903;69803;0
ЯНДЕКС;60;20240828;200000;3903;3913.5;3901;3912;34827;0
ЯНДЕКС;60;20240828;210000;3912.5;3916.5;3889.5;3899.5;54821;0
ЯНДЕКС;60;20240828;220000;3899;3902;3871.5;3892.5;116908;0
ЯНДЕКС;60;20240828;230000;3892.5;3902;3888.5;3892.5;19571;0
ЯНДЕКС;60;20240829;090000;3902;3902;3902;3902;203;0
ЯНДЕКС;60;20240829;100000;3900.5;3909.5;3852;3885.5;209910;0
ЯНДЕКС;60;20240829;110000;3885;3893.5;3872;3880;83227;0
ЯНДЕКС;60;20240829;120000;3880;3883.5;3860;3863;75028;0
ЯНДЕКС;60;20240829;130000;3862.5;3878.5;3862;3874;51018;0
ЯНДЕКС;60;20240829;140000;3873.5;3889.5;3863;3871;64748;0
ЯНДЕКС;60;20240829;150000;3871.5;3885;3860.5;3864;85651;0
ЯНДЕКС;60;20240829;160000;3864;3870;3856.5;3859.5;35716;0
ЯНДЕКС;60;20240829;170000;3858.5;3887;3840;3885;170262;0
ЯНДЕКС;60;20240829;180000;3885;3920;3883.5;3920;93267;0
ЯНДЕКС;60;20240829;190000;3919.5;3932;3900.5;3923.5;106614;0
ЯНДЕКС;60;20240829;200000;3921;3924;3909;3919;22047;0
ЯНДЕКС;60;20240829;210000;3919;3930;3915;3921;26072;0
ЯНДЕКС;60;20240829;220000;3921.5;3936.5;3915.5;3929.5;40344;0
ЯНДЕКС;60;20240829;230000;3929.5;3944.5;3926;3926;49275;0
ЯНДЕКС;60;20240830;090000;3954;3954;3954;3954;7773;0
ЯНДЕКС;60;20240830;100000;3954.5;3972.5;3876;3879;326522;0
ЯНДЕКС;60;20240830;110000;3878.5;3900.5;3850;3882;142597;0
ЯНДЕКС;60;20240830;120000;3883.5;3888;3825;3845;178603;0
ЯНДЕКС;60;20240830;130000;3844.5;3853.5;3805.5;3841;157507;0
ЯНДЕКС;60;20240830;140000;3841;3850;3815;3827;89005;0
ЯНДЕКС;60;20240830;150000;3827;3843;3819;3824;77900;0
ЯНДЕКС;60;20240830;160000;3824;3828.5;3801.5;3825.5;108696;0
ЯНДЕКС;60;20240830;170000;3826.5;3828.5;3803.5;3804.5;79453;0
ЯНДЕКС;60;20240830;180000;3804;3804;3755.5;3768;191516;0
ЯНДЕКС;60;20240830;190000;3769;3769;3731;3746;152299;0
ЯНДЕКС;60;20240830;200000;3744.5;3774;3740.5;3770.5;59195;0
ЯНДЕКС;60;20240830;210000;3771;3788.5;3770.5;3777.5;47154;0
ЯНДЕКС;60;20240830;220000;3777.5;3784;3760.5;3763;30239;0
ЯНДЕКС;60;20240830;230000;3761.5;3769.5;3757;3765.5;23119;0
ЯНДЕКС;60;20240902;090000;3730.5;3730.5;3730.5;3730.5;1976;0
ЯНДЕКС;60;20240902;100000;3730.5;3762;3610;3616;590087;0
ЯНДЕКС;60;20240902;110000;3616;3660;3583.5;3638;448761;0
ЯНДЕКС;60;20240902;120000;3637;3720;3626;3655;403736;0
ЯНДЕКС;60;20240902;130000;3655;3700.5;3654;3694.5;134129;0
ЯНДЕКС;60;20240902;140000;3694.5;3697;3625.5;3637.5;122061;0
ЯНДЕКС;60;20240902;150000;3638;3649;3611;3633.5;121607;0
ЯНДЕКС;60;20240902;160000;3633;3663;3615;3649.5;109884;0
ЯНДЕКС;60;20240902;170000;3649.5;3681;3645;3660;115409;0
ЯНДЕКС;60;20240902;180000;3662.5;3667.5;3590;3590;186113;0
ЯНДЕКС;60;20240902;190000;3591;3628;3585;3618;102974;0
ЯНДЕКС;60;20240902;200000;3617;3618;3596;3601;38648;0
ЯНДЕКС;60;20240902;210000;3601.5;3626;3592;3610.5;35547;0
ЯНДЕКС;60;20240902;220000;3612;3633;3610;3619.5;34803;0
ЯНДЕКС;60;20240902;230000;3619;3634;3611;3620.5;28792;0
ЯНДЕКС;60;20240903;090000;3635;3635;3635;3635;439;0
ЯНДЕКС;60;20240903;100000;3634.5;3678.5;3568;3577.5;457243;0
ЯНДЕКС;60;20240903;110000;3577.5;3707;3571.5;3700.5;417877;0
ЯНДЕКС;60;20240903;120000;3700.5;3706;3650;3666.5;274236;0
ЯНДЕКС;60;20240903;130000;3667;3699;3660;3684;147666;0
ЯНДЕКС;60;20240903;140000;3684;3688;3632.5;3656.5;149699;0
ЯНДЕКС;60;20240903;150000;3655;3666;3622.5;3641.5;119657;0
ЯНДЕКС;60;20240903;160000;3643;3669.5;3631.5;3645.5;48919;0
ЯНДЕКС;60;20240903;170000;3645.5;3652;3606;3618;120377;0
ЯНДЕКС;60;20240903;180000;3618;3627.5;3601;3621;78366;0
ЯНДЕКС;60;20240903;190000;3626.5;3647;3615.5;3631;58635;0
ЯНДЕКС;60;20240903;200000;3629;3642.5;3626.5;3627.5;15920;0
ЯНДЕКС;60;20240903;210000;3628;3647.5;3627;3642.5;14923;0
ЯНДЕКС;60;20240903;220000;3643;3649;3639;3648;13071;0
ЯНДЕКС;60;20240903;230000;3647.5;3653;3640;3652;18097;0
ЯНДЕКС;60;20240904;090000;3655;3655;3655;3655;792;0
ЯНДЕКС;60;20240904;100000;3655;3669;3628;3658.5;147796;0
ЯНДЕКС;60;20240904;110000;3658.5;3686.5;3652;3652.5;91791;0
ЯНДЕКС;60;20240904;120000;3653;3669;3628;3650;88068;0
ЯНДЕКС;60;20240904;130000;3651;3690;3645;3684.5;77247;0
ЯНДЕКС;60;20240904;140000;3685;3689;3663;3681;55993;0
ЯНДЕКС;60;20240904;150000;3681;3708.5;3678.5;3688.5;122069;0
ЯНДЕКС;60;20240904;160000;3688.5;3697.5;3663.5;3694;48515;0
ЯНДЕКС;60;20240904;170000;3695;3707.5;3685;3695;79263;0
ЯНДЕКС;60;20240904;180000;3695;3715;3689;3712;59758;0
ЯНДЕКС;60;20240904;190000;3715;3744;3709.5;3729.5;137045;0
ЯНДЕКС;60;20240904;200000;3730;3739;3721;3732.5;43988;0
ЯНДЕКС;60;20240904;210000;3732.5;3737;3710.5;3717;44559;0
ЯНДЕКС;60;20240904;220000;3716.5;3724;3709.5;3722;14089;0
ЯНДЕКС;60;20240904;230000;3722;3737;3721.5;3737;15025;0
ЯНДЕКС;60;20240905;090000;3761;3761;3761;3761;4507;0
ЯНДЕКС;60;20240905;100000;3760;3760.5;3712.5;3728.5;166944;0
ЯНДЕКС;60;20240905;110000;3729;3757.5;3725;3742.5;84266;0
ЯНДЕКС;60;20240905;120000;3742.5;3760;3730;3744;88321;0
ЯНДЕКС;60;20240905;130000;3743.5;3752.5;3731.5;3742;62400;0
ЯНДЕКС;60;20240905;140000;3742;3769.5;3741.5;3751.5;89008;0
ЯНДЕКС;60;20240905;150000;3751.5;3759.5;3715.5;3744;108538;0
ЯНДЕКС;60;20240905;160000;3743.5;3753;3720;3729.5;65572;0
ЯНДЕКС;60;20240905;170000;3729.5;3736.5;3694;3706.5;116309;0
ЯНДЕКС;60;20240905;180000;3707.5;3709;3669;3688.5;83940;0
ЯНДЕКС;60;20240905;190000;3689;3697.5;3671;3682;29624;0
ЯНДЕКС;60;20240905;200000;3683.5;3695;3681.5;3695;16971;0
ЯНДЕКС;60;20240905;210000;3694.5;3695;3675;3683;18560;0
ЯНДЕКС;60;20240905;220000;3683;3688.5;3680;3681.5;5841;0
ЯНДЕКС;60;20240905;230000;3681;3682.5;3671.5;3679.5;21384;0
ЯНДЕКС;60;20240906;090000;3681.5;3681.5;3681.5;3681.5;312;0
ЯНДЕКС;60;20240906;100000;3682;3685.5;3661.5;3672.5;75511;0
ЯНДЕКС;60;20240906;110000;3672;3702.5;3651;3659;95024;0
ЯНДЕКС;60;20240906;120000;3659;3663;3641;3657;70385;0
ЯНДЕКС;60;20240906;130000;3656.5;3680;3654.5;3669;38076;0
ЯНДЕКС;60;20240906;140000;3669.5;3685.5;3665;3679.5;19411;0
ЯНДЕКС;60;20240906;150000;3679.5;3745.5;3677;3740;101518;0
ЯНДЕКС;60;20240906;160000;3740;3740;3708;3725.5;95897;0
ЯНДЕКС;60;20240906;170000;3725;3734.5;3710;3711.5;59528;0
ЯНДЕКС;60;20240906;180000;3711.5;3723;3695.5;3723;48221;0
ЯНДЕКС;60;20240906;190000;3720;3725;3710;3715.5;18294;0
ЯНДЕКС;60;20240906;200000;3717.5;3720;3701.5;3715;17051;0
ЯНДЕКС;60;20240906;210000;3715.5;3721;3713;3719.5;5166;0
ЯНДЕКС;60;20240906;220000;3719.5;3733;3716.5;3732.5;14614;0
ЯНДЕКС;60;20240906;230000;3733;3734.5;3715;3715;18785;0
ЯНДЕКС;60;20240909;090000;3740;3740;3740;3740;2288;0
ЯНДЕКС;60;20240909;100000;3740;3814.5;3738.5;3801.5;238274;0
ЯНДЕКС;60;20240909;110000;3801.5;3814.5;3793.5;3806.5;118587;0
ЯНДЕКС;60;20240909;120000;3807;3814.5;3797.5;3811;88628;0
ЯНДЕКС;60;20240909;130000;3811;3840;3810.5;3838.5;178828;0
ЯНДЕКС;60;20240909;140000;3838;3849;3824;3832;113400;0
ЯНДЕКС;60;20240909;150000;3832;3844.5;3830;3834.5;55688;0
ЯНДЕКС;60;20240909;160000;3834;3856.5;3831;3851;103670;0
ЯНДЕКС;60;20240909;170000;3851;3888;3848.5;3870.5;254874;0
ЯНДЕКС;60;20240909;180000;3870;3884.5;3847;3881;109946;0
ЯНДЕКС;60;20240909;190000;3880;3884;3866.5;3872;50339;0
ЯНДЕКС;60;20240909;200000;3873;3877;3858.5;3866;33641;0
ЯНДЕКС;60;20240909;210000;3866.5;3870;3859.5;3869.5;25202;0
ЯНДЕКС;60;20240909;220000;3869.5;3881.5;3868.5;3877;21273;0
ЯНДЕКС;60;20240909;230000;3878;3887;3875;3883.5;29867;0
ЯНДЕКС;60;20240910;090000;3905;3905;3905;3905;5573;0
ЯНДЕКС;60;20240910;100000;3904;3905.5;3841;3846.5;244414;0
ЯНДЕКС;60;20240910;110000;3847.5;3878.5;3826.5;3839;192710;0
ЯНДЕКС;60;20240910;120000;3839;3857;3820;3848;127249;0
ЯНДЕКС;60;20240910;130000;3848;3859;3842;3844.5;43199;0
ЯНДЕКС;60;20240910;140000;3846;3854;3840;3845.5;31888;0
ЯНДЕКС;60;20240910;150000;3844.5;3847;3828.5;3833;51860;0
ЯНДЕКС;60;20240910;160000;3832.5;3847.5;3830;3847;37750;0
ЯНДЕКС;60;20240910;170000;3847;3847.5;3806;3815;102900;0
ЯНДЕКС;60;20240910;180000;3814.5;3814.5;3793.5;3800;77138;0
ЯНДЕКС;60;20240910;190000;3800;3815;3771;3787;59145;0
ЯНДЕКС;60;20240910;200000;3787;3796.5;3778;3780;37298;0
ЯНДЕКС;60;20240910;210000;3779.5;3795;3771.5;3795;44896;0
ЯНДЕКС;60;20240910;220000;3795;3812.5;3794.5;3808.5;35390;0
ЯНДЕКС;60;20240910;230000;3808;3826.5;3802;3825;24815;0
ЯНДЕКС;60;20240911;090000;3822;3822;3822;3822;382;0
ЯНДЕКС;60;20240911;100000;3821.5;3835;3803.5;3808.5;103618;0
ЯНДЕКС;60;20240911;110000;3809;3814;3782.5;3789;100715;0
ЯНДЕКС;60;20240911;120000;3789;3817.5;3777;3816;80412;0
ЯНДЕКС;60;20240911;130000;3816;3822;3791.5;3796;63959;0
ЯНДЕКС;60;20240911;140000;3796.5;3832;3794.5;3831.5;42949;0
ЯНДЕКС;60;20240911;150000;3832;3868;3826;3852.5;210287;0
ЯНДЕКС;60;20240911;160000;3852;3861.5;3843;3856;102299;0
ЯНДЕКС;60;20240911;170000;3856.5;3874;3834;3855.5;232304;0
ЯНДЕКС;60;20240911;180000;3856.5;3878;3848.5;3872.5;78574;0
ЯНДЕКС;60;20240911;190000;3850;3867;3806;3809.5;135116;0
ЯНДЕКС;60;20240911;200000;3809.5;3819.5;3792;3797.5;58081;0
ЯНДЕКС;60;20240911;210000;3797;3809.5;3790;3794.5;34450;0
ЯНДЕКС;60;20240911;220000;3796;3796;3778;3789.5;53751;0
ЯНДЕКС;60;20240911;230000;3790;3795.5;3780;3782;19949;0
ЯНДЕКС;60;20240912;090000;3792;3792;3792;3792;850;0
ЯНДЕКС;60;20240912;100000;3793;3808;3755.5;3765;196510;0
ЯНДЕКС;60;20240912;110000;3764.5;3785;3753;3771;114521;0
ЯНДЕКС;60;20240912;120000;3771.5;3783;3755;3756.5;61624;0
ЯНДЕКС;60;20240912;130000;3756;3765.5;3736;3763;116480;0
ЯНДЕКС;60;20240912;140000;3762.5;3778;3756;3775;49017;0
ЯНДЕКС;60;20240912;150000;3775;3782.5;3746;3760;49540;0
ЯНДЕКС;60;20240912;160000;3760.5;3810;3759.5;3800.5;87122;0
ЯНДЕКС;60;20240912;170000;3800.5;3827.5;3789;3819.5;237811;0
ЯНДЕКС;60;20240912;180000;3818;3823;3814;3815;96600;0
ЯНДЕКС;60;20240912;190000;3815;3816;3787;3792.5;51709;0
ЯНДЕКС;60;20240912;200000;3792.5;3808;3786;3800.5;22073;0
ЯНДЕКС;60;20240912;210000;3801.5;3819.5;3799;3818;35989;0
ЯНДЕКС;60;20240912;220000;3818;3824.5;3815;3818.5;24445;0
ЯНДЕКС;60;20240912;230000;3818;3829.5;3816;3828.5;20144;0
ЯНДЕКС;60;20240913;090000;3820;3820;3820;3820;1763;0
ЯНДЕКС;60;20240913;100000;3820;3841.5;3808.5;3838.5;99622;0
ЯНДЕКС;60;20240913;110000;3839;3849.5;3813;3843;62397;0
ЯНДЕКС;60;20240913;120000;3845;3846.5;3830.5;3844;48588;0
ЯНДЕКС;60;20240913;130000;3844.5;3845;3762.5;3806;334185;0
ЯНДЕКС;60;20240913;140000;3806.5;3817.5;3770;3816;213821;0
ЯНДЕКС;60;20240913;150000;3816;3874;3801;3874;226252;0
ЯНДЕКС;60;20240913;160000;3872.5;3910;3865;3896;267765;0
ЯНДЕКС;60;20240913;170000;3896;3919.5;3886;3906.5;207693;0
ЯНДЕКС;60;20240913;180000;3906;3920;3899;3920;89966;0
ЯНДЕКС;60;20240913;190000;3918;3918;3885;3908;39452;0
ЯНДЕКС;60;20240913;200000;3908;3909;3894;3899;17512;0
ЯНДЕКС;60;20240913;210000;3900;3917.5;3899;3913;24377;0
ЯНДЕКС;60;20240913;220000;3913;3919.5;3905;3918;36944;0
ЯНДЕКС;60;20240913;230000;3919;3919.5;3912;3914.5;28366;0
ЯНДЕКС;60;20240916;090000;3933;3933;3933;3933;4777;0
ЯНДЕКС;60;20240916;100000;3933.5;3974;3921;3926.5;344421;0
ЯНДЕКС;60;20240916;110000;3927.5;3967;3923.5;3958.5;165648;0
ЯНДЕКС;60;20240916;120000;3958.5;4018;3957.5;4014.5;379666;0
ЯНДЕКС;60;20240916;130000;4012;4040.5;4004;4033;339535;0
ЯНДЕКС;60;20240916;140000;4032.5;4105;4026.5;4095.5;544319;0
ЯНДЕКС;60;20240916;150000;4095.5;4107.5;4074.5;4086;286956;0
ЯНДЕКС;60;20240916;160000;4086;4117;4080;4108.5;233294;0
ЯНДЕКС;60;20240916;170000;4108.5;4135;4086.5;4116.5;310363;0
ЯНДЕКС;60;20240916;180000;4117;4120;4107;4120;122575;0
ЯНДЕКС;60;20240916;190000;4118.5;4118.5;4094.5;4097.5;69843;0
ЯНДЕКС;60;20240916;200000;4097.5;4129;4096;4125;76449;0
ЯНДЕКС;60;20240916;210000;4124.5;4129.5;4120.5;4123.5;45261;0
ЯНДЕКС;60;20240916;220000;4123.5;4126.5;4116.5;4125.5;39720;0
ЯНДЕКС;60;20240916;230000;4125.5;4126;4112.5;4119;38196;0
ЯНДЕКС;60;20240917;090000;4128.5;4128.5;4128.5;4128.5;2916;0
ЯНДЕКС;60;20240917;100000;4127;4175.5;4052.5;4086;759678;0
ЯНДЕКС;60;20240917;110000;4086;4128.5;4069.5;4112.5;334932;0
ЯНДЕКС;60;20240917;120000;4112.5;4122;4085;4094.5;92079;0
ЯНДЕКС;60;20240917;130000;4094.5;4097.5;4074;4095;93730;0
ЯНДЕКС;60;20240917;140000;4095.5;4099;4054;4070;154987;0
ЯНДЕКС;60;20240917;150000;4069.5;4103.5;4057.5;4090.5;95485;0
ЯНДЕКС;60;20240917;160000;4090.5;4114.5;4086.5;4102;114450;0
ЯНДЕКС;60;20240917;170000;4101.5;4117.5;4091;4117;111308;0
ЯНДЕКС;60;20240917;180000;4117;4120;4100.5;4105;84924;0
ЯНДЕКС;60;20240917;190000;4106;4116.5;4100;4105.5;39389;0
ЯНДЕКС;60;20240917;200000;4105.5;4108;4102.5;4102.5;35767;0
ЯНДЕКС;60;20240917;210000;4103;4107.5;4101.5;4104;22182;0
ЯНДЕКС;60;20240917;220000;4104.5;4106;4100;4104;20567;0
ЯНДЕКС;60;20240917;230000;4104;4114.5;4091;4106;26816;0
ЯНДЕКС;60;20240918;090000;4115;4115;4115;4115;1031;0
ЯНДЕКС;60;20240918;100000;4114.5;4130;4076.5;4108;206287;0
ЯНДЕКС;60;20240918;110000;4108;4108.5;4085;4086.5;70331;0
ЯНДЕКС;60;20240918;120000;4086.5;4094.5;4070;4084;86315;0
ЯНДЕКС;60;20240918;130000;4084.5;4099;4060;4066;87404;0
ЯНДЕКС;60;20240918;140000;4067;4079.5;4020;4027.5;154416;0
ЯНДЕКС;60;20240918;150000;4026.5;4056;4021;4043.5;99681;0
ЯНДЕКС;60;20240918;160000;4043.5;4080;4042.5;4071.5;77456;0
ЯНДЕКС;60;20240918;170000;4071;4098.5;4057;4059.5;83609;0
ЯНДЕКС;60;20240918;180000;4059.5;4060.5;4035;4039;55328;0
ЯНДЕКС;60;20240918;190000;4037;4049.5;4027;4048;35385;0
ЯНДЕКС;60;20240918;200000;4048;4061.5;4047;4047.5;26387;0
ЯНДЕКС;60;20240918;210000;4049;4061.5;4048.5;4053.5;12856;0
ЯНДЕКС;60;20240918;220000;4054.5;4054.5;4043.5;4043.5;10701;0
ЯНДЕКС;60;20240918;230000;4043.5;4050.5;4031;4031;22874;0
ЯНДЕКС;60;20240919;090000;4050;4050;4050;4050;366;0
ЯНДЕКС;60;20240919;100000;4047.5;4074;4026;4060.5;156529;0
ЯНДЕКС;60;20240919;110000;4059;4093;4046;4080;112897;0
ЯНДЕКС;60;20240919;120000;4079;4115;4077;4115;169774;0
ЯНДЕКС;60;20240919;130000;4114.5;4116.5;4090.5;4098.5;116528;0
ЯНДЕКС;60;20240919;140000;4099.5;4129.5;4095;4129.5;121786;0
ЯНДЕКС;60;20240919;150000;4129;4129.5;4104;4120;104501;0
ЯНДЕКС;60;20240919;160000;4120;4128;4114;4123.5;85861;0
ЯНДЕКС;60;20240919;170000;4123.5;4125;4111;4119.5;78576;0
ЯНДЕКС;60;20240919;180000;4119.5;4150;4118.5;4150;204573;0
ЯНДЕКС;60;20240919;190000;4146.5;4147.5;4131.5;4135;56876;0
ЯНДЕКС;60;20240919;200000;4135;4137.5;4132;4135;27378;0
ЯНДЕКС;60;20240919;210000;4134.5;4135.5;4116.5;4130.5;58751;0
ЯНДЕКС;60;20240919;220000;4131.5;4138;4111;4114.5;65980;0
ЯНДЕКС;60;20240919;230000;4115.5;4137.5;4114.5;4137.5;49030;0
ЯНДЕКС;60;20240920;090000;4075;4075;4075;4075;18880;0
ЯНДЕКС;60;20240920;100000;4075;4115;4065;4105.5;358790;0
ЯНДЕКС;60;20240920;110000;4105;4112;4098;4112;72615;0
ЯНДЕКС;60;20240920;120000;4112;4125.5;4108.5;4125;145475;0
ЯНДЕКС;60;20240920;130000;4125.5;4135;4112.5;4122;146376;0
ЯНДЕКС;60;20240920;140000;4122;4128;4104.5;4114;60692;0
ЯНДЕКС;60;20240920;150000;4113.5;4119.5;4104;4108;63837;0
ЯНДЕКС;60;20240920;160000;4108;4110;4094.5;4101;73294;0
ЯНДЕКС;60;20240920;170000;4100.5;4101.5;4080;4080.5;73325;0
ЯНДЕКС;60;20240920;180000;4080;4100;4066;4100;104217;0
ЯНДЕКС;60;20240920;190000;4100;4100;4088.5;4095;26105;0
ЯНДЕКС;60;20240920;200000;4095;4099;4085;4091.5;15616;0
ЯНДЕКС;60;20240920;210000;4091.5;4098;4085.5;4092;18516;0
ЯНДЕКС;60;20240920;220000;4093.5;4097.5;4090.5;4091;10806;0
ЯНДЕКС;60;20240920;230000;4091;4100;4085;4100;28351;0
ЯНДЕКС;60;20240923;090000;4100;4100;4100;4100;3083;0
ЯНДЕКС;60;20240923;100000;4100.5;4139.5;4100;4118.5;195080;0
ЯНДЕКС;60;20240923;110000;4119;4124;4106;4116;62966;0
ЯНДЕКС;60;20240923;120000;4115.5;4116;4070;4102.5;105045;0
ЯНДЕКС;60;20240923;130000;4102.5;4120;4094.5;4119.5;58346;0
ЯНДЕКС;60;20240923;140000;4119.5;4150;4111.5;4144;153895;0
ЯНДЕКС;60;20240923;150000;4144;4200;4139.5;4182.5;321956;0
ЯНДЕКС;60;20240923;160000;4183;4249;4183;4244;305391;0
ЯНДЕКС;60;20240923;170000;4244;4248;4211;4239;218363;0
ЯНДЕКС;60;20240923;180000;4239.5;4240;4215.5;4229;125613;0
ЯНДЕКС;60;20240923;190000;4222;4230;4203;4203.5;55169;0
ЯНДЕКС;60;20240923;200000;4203.5;4210;4178;4198;125544;0
ЯНДЕКС;60;20240923;210000;4198;4198;4152.5;4193;105605;0
ЯНДЕКС;60;20240923;220000;4193;4205;4186.5;4194;26234;0
ЯНДЕКС;60;20240923;230000;4193.5;4204.5;4192;4202.5;18171;0
ЯНДЕКС;60;20240924;090000;4209.5;4209.5;4209.5;4209.5;415;0
ЯНДЕКС;60;20240924;100000;4209;4240;4134;4145;280400;0
ЯНДЕКС;60;20240924;110000;4143.5;4170;4128;4168;143940;0
ЯНДЕКС;60;20240924;120000;4168;4186.5;4160;4177;135080;0
ЯНДЕКС;60;20240924;130000;4176.5;4179;4159.5;4164;74219;0
ЯНДЕКС;60;20240924;140000;4164;4171;4140;4159;67851;0
ЯНДЕКС;60;20240924;150000;4159;4164;4143;4148.5;23906;0
ЯНДЕКС;60;20240924;160000;4148.5;4159;4128.5;4145.5;57292;0
ЯНДЕКС;60;20240924;170000;4145;4169;4144;4168;37467;0
ЯНДЕКС;60;20240924;180000;4168.5;4174;4156;4163;25987;0
ЯНДЕКС;60;20240924;190000;4162.5;4166;4156.5;4160.5;12554;0
ЯНДЕКС;60;20240924;200000;4161.5;4175;4161;4165;19426;0
ЯНДЕКС;60;20240924;210000;4165;4165;4158.5;4159.5;9376;0
ЯНДЕКС;60;20240924;220000;4160;4168.5;4157;4168;10268;0
ЯНДЕКС;60;20240924;230000;4168;4169;4155.5;4160;12560;0
ЯНДЕКС;60;20240925;090000;4170;4170;4170;4170;758;0
ЯНДЕКС;60;20240925;100000;4169.5;4169.5;4100.5;4138.5;192993;0
ЯНДЕКС;60;20240925;110000;4138.5;4139;4119.5;4125.5;75072;0
ЯНДЕКС;60;20240925;120000;4125;4152;4120;4139.5;71145;0
ЯНДЕКС;60;20240925;130000;4139;4144.5;4130;4134.5;40805;0
ЯНДЕКС;60;20240925;140000;4134.5;4140;4105;4105.5;71739;0
ЯНДЕКС;60;20240925;150000;4105.5;4121;4100;4104;78520;0
ЯНДЕКС;60;20240925;160000;4103.5;4105.5;4040;4051;189244;0
ЯНДЕКС;60;20240925;170000;4050.5;4058;4002;4039.5;327231;0
ЯНДЕКС;60;20240925;180000;4041;4080.5;4015;4030;147890;0
ЯНДЕКС;60;20240925;190000;4045;4049.5;4025;4027;51368;0
ЯНДЕКС;60;20240925;200000;4027;4040;4016;4030;53689;0
ЯНДЕКС;60;20240925;210000;4030;4043.5;4026;4043;27767;0
ЯНДЕКС;60;20240925;220000;4042.5;4058;4040;4057;24591;0
ЯНДЕКС;60;20240925;230000;4055;4059;4020;4035.5;15176;0
ЯНДЕКС;60;20240926;090000;4015;4015;4015;4015;2431;0
ЯНДЕКС;60;20240926;100000;4016;4033.5;3963.5;3976.5;240262;0
ЯНДЕКС;60;20240926;110000;3975;4007;3973.5;3995;214724;0
ЯНДЕКС;60;20240926;120000;3995;4059;3993;4031.5;144338;0
ЯНДЕКС;60;20240926;130000;4031;4043;4014;4022.5;48310;0
ЯНДЕКС;60;20240926;140000;4022.5;4025.5;3993;4020;83159;0
ЯНДЕКС;60;20240926;150000;4020.5;4022;3977.5;3996.5;91683;0
ЯНДЕКС;60;20240926;160000;3997;4004;3965;3976.5;109350;0
ЯНДЕКС;60;20240926;170000;3975;4001;3965;3991;79004;0
ЯНДЕКС;60;20240926;180000;3992;3999;3971.5;3988;29163;0
ЯНДЕКС;60;20240926;190000;3979;3998;3979;3994;26453;0
ЯНДЕКС;60;20240926;200000;3994.5;4005.5;3994.5;4001;13729;0
ЯНДЕКС;60;20240926;210000;4001.5;4005;3992;4005;13252;0
ЯНДЕКС;60;20240926;220000;4005.5;4010;4000;4007.5;12029;0
ЯНДЕКС;60;20240926;230000;4007;4010;4000.5;4001.5;10169;0
ЯНДЕКС;60;20240927;090000;4025;4025;4025;4025;1664;0
ЯНДЕКС;60;20240927;100000;4010;4045;4002.5;4022;125919;0
ЯНДЕКС;60;20240927;110000;4022;4045;4017;4038.5;48900;0
ЯНДЕКС;60;20240927;120000;4039;4050;4029.5;4044.5;40496;0
ЯНДЕКС;60;20240927;130000;4044;4049;4029.5;4037;58290;0
ЯНДЕКС;60;20240927;140000;4037.5;4038.5;4020;4023.5;28315;0
ЯНДЕКС;60;20240927;150000;4024;4035;4012.5;4034;38787;0
ЯНДЕКС;60;20240927;160000;4034;4044;4025;4043;29848;0
ЯНДЕКС;60;20240927;170000;4043;4056;4040;4053;54000;0
ЯНДЕКС;60;20240927;180000;4053;4068;4050.5;4055;45983;0
ЯНДЕКС;60;20240927;190000;4052.5;4057;4037;4039;52232;0
ЯНДЕКС;60;20240927;200000;4038;4052.5;4037.5;4042.5;17307;0
ЯНДЕКС;60;20240927;210000;4042.5;4047;4029.5;4037;21441;0
ЯНДЕКС;60;20240927;220000;4037;4041;4027.5;4038.5;10816;0
ЯНДЕКС;60;20240927;230000;4039.5;4057;4020;4024;30752;0
ЯНДЕКС;60;20240930;090000;4045;4045;4045;4045;1083;0
ЯНДЕКС;60;20240930;100000;4045.5;4076;4030;4064.5;152519;0
ЯНДЕКС;60;20240930;110000;4064.5;4089;4060;4077;109974;0
ЯНДЕКС;60;20240930;120000;4077;4078;4045.5;4050;74856;0
ЯНДЕКС;60;20240930;130000;4050.5;4053;4021.5;4040.5;71304;0
ЯНДЕКС;60;20240930;140000;4042;4047.5;4028;4029.5;38893;0
ЯНДЕКС;60;20240930;150000;4029;4062;4022;4034;58355;0
ЯНДЕКС;60;20240930;160000;4033.5;4046;4030.5;4035;27433;0
ЯНДЕКС;60;20240930;170000;4035.5;4036;4011;4017;58805;0
ЯНДЕКС;60;20240930;180000;4017;4040.5;4014;4040.5;31962;0
ЯНДЕКС;60;20240930;190000;4033.5;4037;4026.5;4028;13084;0
ЯНДЕКС;60;20240930;200000;4028;4032;4026.5;4029.5;4673;0
ЯНДЕКС;60;20240930;210000;4029;4029.5;4017.5;4021;10064;0
ЯНДЕКС;60;20240930;220000;4020.5;4021.5;3985.5;3993;43221;0
ЯНДЕКС;60;20240930;230000;3991;4014;3990;4007.5;16749;0
ЯНДЕКС;60;20241001;090000;4005;4005;4005;4005;459;0
ЯНДЕКС;60;20241001;100000;4004.5;4023.5;3975;3978;102560;0
ЯНДЕКС;60;20241001;110000;3978;3998.5;3931;3949;145176;0
ЯНДЕКС;60;20241001;120000;3949;3994;3945;3992;81113;0
ЯНДЕКС;60;20241001;130000;3992;4011;3975;3987;46140;0
ЯНДЕКС;60;20241001;140000;3986.5;3992.5;3959.5;3983.5;42520;0
ЯНДЕКС;60;20241001;150000;3985;3988;3960;3961;33025;0
ЯНДЕКС;60;20241001;160000;3961;3980;3940;3956.5;119001;0
ЯНДЕКС;60;20241001;170000;3959.5;3971.5;3951.5;3970;39750;0
ЯНДЕКС;60;20241001;180000;3970.5;3972;3949.5;3963;41034;0
ЯНДЕКС;60;20241001;190000;3960;3960;3947;3956.5;19582;0
ЯНДЕКС;60;20241001;200000;3956;3977.5;3955.5;3961.5;40488;0
ЯНДЕКС;60;20241001;210000;3961.5;3965;3955.5;3957.5;9696;0
ЯНДЕКС;60;20241001;220000;3957.5;3960.5;3944.5;3956.5;14998;0
ЯНДЕКС;60;20241001;230000;3957;3974.5;3950;3963;11991;0
ЯНДЕКС;60;20241002;090000;3966;3966;3966;3966;118;0
ЯНДЕКС;60;20241002;100000;3967.5;3998.5;3963;3995.5;91449;0
ЯНДЕКС;60;20241002;110000;3995.5;4009;3985;4005;54446;0
ЯНДЕКС;60;20241002;120000;4005;4005.5;3985;3991.5;29579;0
ЯНДЕКС;60;20241002;130000;3993;3999.5;3990;3990.5;21617;0
ЯНДЕКС;60;20241002;140000;3990;3999.5;3988.5;3990;24049;0
ЯНДЕКС;60;20241002;150000;3990.5;3997.5;3977.5;3985.5;49909;0
ЯНДЕКС;60;20241002;160000;3985.5;3998;3976.5;3994;51181;0
ЯНДЕКС;60;20241002;170000;3993;3995;3940;3949.5;90521;0
ЯНДЕКС;60;20241002;180000;3947.5;3947.5;3914;3925;140795;0
ЯНДЕКС;60;20241002;190000;3924;3931;3901;3918.5;76845;0
ЯНДЕКС;60;20241002;200000;3918.5;3929;3916;3918.5;19437;0
ЯНДЕКС;60;20241002;210000;3918.5;3920;3914;3919;8489;0
ЯНДЕКС;60;20241002;220000;3918.5;3919.5;3905;3907.5;19311;0
ЯНДЕКС;60;20241002;230000;3907;3919;3905;3907.5;14851;0
ЯНДЕКС;60;20241003;090000;3915;3915;3915;3915;592;0
ЯНДЕКС;60;20241003;100000;3913;3928.5;3881;3913;203557;0
ЯНДЕКС;60;20241003;110000;3912;3921.5;3885;3895;71056;0
ЯНДЕКС;60;20241003;120000;3894.5;3918;3892.5;3895;42851;0
ЯНДЕКС;60;20241003;130000;3896.5;3901;3882;3887;46650;0
ЯНДЕКС;60;20241003;140000;3888.5;3888.5;3862.5;3875;79763;0
ЯНДЕКС;60;20241003;150000;3876.5;3928;3875.5;3924;114679;0
ЯНДЕКС;60;20241003;160000;3924.5;3963;3905.5;3952;149978;0
ЯНДЕКС;60;20241003;170000;3953.5;3960;3935;3939.5;82762;0
ЯНДЕКС;60;20241003;180000;3939;3953.5;3930.5;3939.5;48098;0
ЯНДЕКС;60;20241003;190000;3940;3953;3937;3941;21843;0
ЯНДЕКС;60;20241003;200000;3941;3959;3939;3959;9880;0
ЯНДЕКС;60;20241003;210000;3958.5;3970;3955;3968.5;25588;0
ЯНДЕКС;60;20241003;220000;3969;3974;3962;3967;15508;0
ЯНДЕКС;60;20241003;230000;3968;3971;3960;3969;13439;0
ЯНДЕКС;60;20241004;090000;3978;3978;3978;3978;705;0
ЯНДЕКС;60;20241004;100000;3975;4003;3954;3994;124013;0
ЯНДЕКС;60;20241004;110000;3993.5;4001;3971;3994.5;61607;0
ЯНДЕКС;60;20241004;120000;3994.5;3996;3967;3977.5;47908;0
ЯНДЕКС;60;20241004;130000;3977;3978.5;3953.5;3966;51744;0
ЯНДЕКС;60;20241004;140000;3967;3982;3950;3953;52961;0
ЯНДЕКС;60;20241004;150000;3953;3956;3934;3935.5;74015;0
ЯНДЕКС;60;20241004;160000;3935.5;3955.5;3933;3935;41812;0
ЯНДЕКС;60;20241004;170000;3935;3953;3931;3945;47186;0
ЯНДЕКС;60;20241004;180000;3947;3959;3945;3959;32085;0
ЯНДЕКС;60;20241004;190000;3959.5;3967;3952;3960.5;15874;0
ЯНДЕКС;60;20241004;200000;3961;3965.5;3950;3954.5;12283;0
ЯНДЕКС;60;20241004;210000;3955;3955;3938;3940;15542;0
ЯНДЕКС;60;20241004;220000;3939.5;3947.5;3939.5;3940.5;6422;0
ЯНДЕКС;60;20241004;230000;3941;3950;3938.5;3945.5;10184;0
ЯНДЕКС;60;20241007;090000;3950;3950;3950;3950;616;0
ЯНДЕКС;60;20241007;100000;3950;3961;3921.5;3923;78510;0
ЯНДЕКС;60;20241007;110000;3921.5;3933.5;3915;3929.5;43539;0
ЯНДЕКС;60;20241007;120000;3929;3943;3910;3920.5;74010;0
ЯНДЕКС;60;20241007;130000;3920.5;3926;3910.5;3915.5;36230;0
ЯНДЕКС;60;20241007;140000;3917;3926;3910.5;3918;20015;0
ЯНДЕКС;60;20241007;150000;3918.5;3921.5;3913;3915;15672;0
ЯНДЕКС;60;20241007;160000;3915;3940;3912;3929;38840;0
ЯНДЕКС;60;20241007;170000;3929.5;3930;3918;3920.5;17423;0
ЯНДЕКС;60;20241007;180000;3921.5;3923.5;3913.5;3914.5;13450;0
ЯНДЕКС;60;20241007;190000;3915.5;3930;3915.5;3928;17122;0
ЯНДЕКС;60;20241007;200000;3929.5;3929.5;3914.5;3921.5;7886;0
ЯНДЕКС;60;20241007;210000;3921;3928.5;3919;3928.5;10881;0
ЯНДЕКС;60;20241007;220000;3929;3930;3923.5;3926.5;4720;0
ЯНДЕКС;60;20241007;230000;3926;3928.5;3918;3928.5;7588;0
ЯНДЕКС;60;20241008;090000;3927;3927;3927;3927;226;0
ЯНДЕКС;60;20241008;100000;3927.5;3930;3900.5;3914.5;56499;0
ЯНДЕКС;60;20241008;110000;3913;3929.5;3907;3923;54394;0
ЯНДЕКС;60;20241008;120000;3923;3995;3921;3989;185511;0
ЯНДЕКС;60;20241008;130000;3988.5;3999;3977;3993.5;81944;0
ЯНДЕКС;60;20241008;140000;3994.5;4000;3972.5;3987;110879;0
ЯНДЕКС;60;20241008;150000;3986.5;3989;3962;3968;82788;0
ЯНДЕКС;60;20241008;160000;3967.5;3975;3959.5;3968;38719;0
ЯНДЕКС;60;20241008;170000;3968;3970;3950.5;3961;52634;0
ЯНДЕКС;60;20241008;180000;3961.5;3974.5;3956.5;3974.5;23390;0
ЯНДЕКС;60;20241008;190000;3967;3972.5;3957.5;3967;11787;0
ЯНДЕКС;60;20241008;200000;3967;3974;3966;3972.5;9941;0
ЯНДЕКС;60;20241008;210000;3972;3974.5;3969;3973;4045;0
ЯНДЕКС;60;20241008;220000;3972.5;3973.5;3967;3972.5;4351;0
ЯНДЕКС;60;20241008;230000;3972.5;3987;3972;3982.5;12441;0
ЯНДЕКС;60;20241009;090000;3982;3982;3982;3982;158;0
ЯНДЕКС;60;20241009;100000;3982;3987;3951;3960;66802;0
ЯНДЕКС;60;20241009;110000;3959;3978;3958;3969.5;29771;0
ЯНДЕКС;60;20241009;120000;3970;3972;3952;3963;22362;0
ЯНДЕКС;60;20241009;130000;3963;3963;3935;3943.5;67382;0
ЯНДЕКС;60;20241009;140000;3943.5;3950;3937.5;3941;26279;0
ЯНДЕКС;60;20241009;150000;3941.5;3947;3923;3944.5;40149;0
ЯНДЕКС;60;20241009;160000;3944.5;3949;3915.5;3921;54292;0
ЯНДЕКС;60;20241009;170000;3921;3928.5;3911.5;3918;41724;0
ЯНДЕКС;60;20241009;180000;3919;3922.5;3906.5;3917.5;26157;0
ЯНДЕКС;60;20241009;190000;3917.5;3938;3917.5;3929;21738;0
ЯНДЕКС;60;20241009;200000;3929;3930;3918;3929;6367;0
ЯНДЕКС;60;20241009;210000;3929;3933.5;3919.5;3925;16666;0
ЯНДЕКС;60;20241009;220000;3923;3929;3917.5;3928;5977;0
ЯНДЕКС;60;20241009;230000;3928;3936.5;3926;3933.5;10928;0
ЯНДЕКС;60;20241010;090000;3938;3938;3938;3938;163;0
ЯНДЕКС;60;20241010;100000;3938;3956.5;3933;3946;54318;0
ЯНДЕКС;60;20241010;110000;3948.5;3962.5;3945;3961;42880;0
ЯНДЕКС;60;20241010;120000;3961;3965;3944;3949.5;35094;0
ЯНДЕКС;60;20241010;130000;3949.5;3951;3937;3943;19315;0
ЯНДЕКС;60;20241010;140000;3944.5;3953;3936.5;3938;16746;0
ЯНДЕКС;60;20241010;150000;3938;3950;3933;3946;30160;0
ЯНДЕКС;60;20241010;160000;3945.5;3959.5;3941;3954.5;21258;0
ЯНДЕКС;60;20241010;170000;3955.5;3975;3949.5;3969;52430;0
ЯНДЕКС;60;20241010;180000;3968.5;3975;3959.5;3975;27769;0
ЯНДЕКС;60;20241010;190000;3970;3994;3968;3981;46176;0
ЯНДЕКС;60;20241010;200000;3981;3983;3965;3972;17208;0
ЯНДЕКС;60;20241010;210000;3972.5;3982.5;3972;3981.5;9138;0
ЯНДЕКС;60;20241010;220000;3981;3981.5;3971.5;3971.5;6728;0
ЯНДЕКС;60;20241010;230000;3973.5;3982.5;3971;3979.5;9929;0
ЯНДЕКС;60;20241011;090000;3980;3980;3980;3980;141;0
ЯНДЕКС;60;20241011;100000;3980;4005.5;3962;4004.5;93799;0
ЯНДЕКС;60;20241011;110000;4004.5;4006;3981;3995;69643;0
ЯНДЕКС;60;20241011;120000;3994.5;3995;3952;3962.5;79062;0
ЯНДЕКС;60;20241011;130000;3962.5;3973;3949;3953;38734;0
ЯНДЕКС;60;20241011;140000;3953;3959.5;3944;3959.5;50568;0
ЯНДЕКС;60;20241011;150000;3958.5;3974;3952;3963.5;32801;0
ЯНДЕКС;60;20241011;160000;3963.5;3966;3953;3960;21535;0
ЯНДЕКС;60;20241011;170000;3960;3976;3957.5;3965.5;21205;0
ЯНДЕКС;60;20241011;180000;3966;4000;3962;4000;86005;0
ЯНДЕКС;60;20241011;190000;3999.5;4000;3987;3999;27920;0
ЯНДЕКС;60;20241011;200000;3998.5;4000;3975;3985;26368;0
ЯНДЕКС;60;20241011;210000;3984;3995;3980.5;3985;9585;0
ЯНДЕКС;60;20241011;220000;3984.5;3987;3977;3979;9400;0
ЯНДЕКС;60;20241011;230000;3978.5;3984;3975;3975;11602;0
ЯНДЕКС;60;20241014;090000;3990;3990;3990;3990;1545;0
ЯНДЕКС;60;20241014;100000;3985;4028;3964;4017;233333;0
ЯНДЕКС;60;20241014;110000;4017;4017;3988;3998.5;92450;0
ЯНДЕКС;60;20241014;120000;3998;4029;3994;4029;146477;0
ЯНДЕКС;60;20241014;130000;4028.5;4068;4026;4055;233035;0
ЯНДЕКС;60;20241014;140000;4053;4062;4037.5;4058;76667;0
ЯНДЕКС;60;20241014;150000;4058;4059;4037.5;4048;50826;0
ЯНДЕКС;60;20241014;160000;4048;4073.5;4046;4067.5;112154;0
ЯНДЕКС;60;20241014;170000;4069;4080;4057;4069;53720;0
ЯНДЕКС;60;20241014;180000;4067.5;4071;4065;4071;41615;0
ЯНДЕКС;60;20241014;190000;4065.5;4071.5;4065;4067;20403;0
ЯНДЕКС;60;20241014;200000;4066.5;4073;4064.5;4070.5;11081;0
ЯНДЕКС;60;20241014;210000;4070.5;4077;4067;4076;13080;0
ЯНДЕКС;60;20241014;220000;4076;4080;4075;4078;14245;0
ЯНДЕКС;60;20241014;230000;4078.5;4082.5;4071.5;4074;12896;0
ЯНДЕКС;60;20241015;090000;4066;4066;4066;4066;1168;0
ЯНДЕКС;60;20241015;100000;4069.5;4103;4059;4096.5;142387;0
ЯНДЕКС;60;20241015;110000;4096.5;4128;4090;4117.5;148433;0
ЯНДЕКС;60;20241015;120000;4117.5;4125.5;4081;4110;99704;0
ЯНДЕКС;60;20241015;130000;4108;4108.5;4085;4098.5;32147;0
ЯНДЕКС;60;20241015;140000;4099;4119;4096.5;4117;33411;0
ЯНДЕКС;60;20241015;150000;4118.5;4125;4108;4111;56073;0
ЯНДЕКС;60;20241015;160000;4112.5;4115;4073;4081;50967;0
ЯНДЕКС;60;20241015;170000;4081.5;4104.5;4079;4100.5;31851;0
ЯНДЕКС;60;20241015;180000;4100.5;4105;4091;4103.5;25334;0
ЯНДЕКС;60;20241015;190000;4102.5;4103;4090.5;4092.5;10623;0
ЯНДЕКС;60;20241015;200000;4093;4093;4083.5;4087.5;8392;0
ЯНДЕКС;60;20241015;210000;4087;4094;4084;4087;7338;0
ЯНДЕКС;60;20241015;220000;4087;4093;4086;4093;5011;0
ЯНДЕКС;60;20241015;230000;4093;4096;4084;4091;7424;0
ЯНДЕКС;60;20241016;090000;4099.5;4099.5;4099.5;4099.5;323;0
ЯНДЕКС;60;20241016;100000;4099;4110;4080;4110;103442;0
ЯНДЕКС;60;20241016;110000;4110;4121.5;4082;4094;113559;0
ЯНДЕКС;60;20241016;120000;4094;4098;4064;4074;62150;0
ЯНДЕКС;60;20241016;130000;4075;4092;4072.5;4074;46013;0
ЯНДЕКС;60;20241016;140000;4074.5;4078.5;4041.5;4055.5;92492;0
ЯНДЕКС;60;20241016;150000;4055;4074.5;4050;4063;52347;0
ЯНДЕКС;60;20241016;160000;4063;4063;4031;4031.5;53667;0
ЯНДЕКС;60;20241016;170000;4032.5;4052.5;4030.5;4031;42012;0
ЯНДЕКС;60;20241016;180000;4031;4042;4023;4033.5;27769;0
ЯНДЕКС;60;20241016;190000;4034;4045;4033.5;4044.5;22645;0
ЯНДЕКС;60;20241016;200000;4043;4050;4039;4050;11004;0
ЯНДЕКС;60;20241016;210000;4050;4051;4044.5;4048;13421;0
ЯНДЕКС;60;20241016;220000;4047;4060;4044.5;4057;11052;0
ЯНДЕКС;60;20241016;230000;4057;4068;4052.5;4057;7250;0
ЯНДЕКС;60;20241017;090000;4043;4043;4043;4043;736;0
ЯНДЕКС;60;20241017;100000;4055.5;4065.5;4027.5;4036.5;69965;0
ЯНДЕКС;60;20241017;110000;4035;4054;4035;4040.5;22776;0
ЯНДЕКС;60;20241017;120000;4040.5;4044;4011;4026.5;61598;0
ЯНДЕКС;60;20241017;130000;4026;4035;4015;4015.5;45900;0
ЯНДЕКС;60;20241017;140000;4015.5;4032;4010.5;4025;28775;0
ЯНДЕКС;60;20241017;150000;4025;4037;4019.5;4023;25886;0
ЯНДЕКС;60;20241017;160000;4023;4028;4015;4020;27390;0
ЯНДЕКС;60;20241017;170000;4021.5;4032;4019;4021.5;15304;0
ЯНДЕКС;60;20241017;180000;4021;4023.5;4005;4005;37894;0
ЯНДЕКС;60;20241017;190000;4000;4010;3993.5;3999.5;45698;0
ЯНДЕКС;60;20241017;200000;3999.5;4000;3995.5;3996.5;19992;0
ЯНДЕКС;60;20241017;210000;3996;4000;3995;3997;7069;0
ЯНДЕКС;60;20241017;220000;3997.5;3997.5;3981;3983;28129;0
ЯНДЕКС;60;20241017;230000;3982;3989;3975.5;3983.5;20347;0
ЯНДЕКС;60;20241018;090000;3981;3981;3981;3981;217;0
ЯНДЕКС;60;20241018;100000;3982;3997;3971.5;3987.5;93951;0
ЯНДЕКС;60;20241018;110000;3987.5;4007;3982.5;3986;56160;0
ЯНДЕКС;60;20241018;120000;3984.5;3990;3976.5;3981;38137;0
ЯНДЕКС;60;20241018;130000;3981;3992.5;3979;3985.5;63538;0
ЯНДЕКС;60;20241018;140000;3986;3987.5;3977.5;3978.5;33698;0
ЯНДЕКС;60;20241018;150000;3979.5;3988;3972.5;3975;26761;0
ЯНДЕКС;60;20241018;160000;3976;3981.5;3944;3947.5;76095;0
ЯНДЕКС;60;20241018;170000;3947.5;3968.5;3941;3964;50598;0
ЯНДЕКС;60;20241018;180000;3964.5;3977;3963.5;3975;23174;0
ЯНДЕКС;60;20241018;190000;3970;3974.5;3964;3970;10727;0
ЯНДЕКС;60;20241018;200000;3970.5;3973.5;3964.5;3969.5;5962;0
ЯНДЕКС;60;20241018;210000;3969.5;3970;3965;3969;3894;0
ЯНДЕКС;60;20241018;220000;3969;3974.5;3966;3969;6831;0
ЯНДЕКС;60;20241018;230000;3969.5;3975;3968;3968.5;7992;0
ЯНДЕКС;60;20241021;090000;3970;3970;3970;3970;589;0
ЯНДЕКС;60;20241021;100000;3970.5;4011;3969.5;4004;94129;0
ЯНДЕКС;60;20241021;110000;4004;4008.5;3989;3993;30434;0
ЯНДЕКС;60;20241021;120000;3994;4004;3986;4003.5;28367;0
ЯНДЕКС;60;20241021;130000;4003;4019.5;4001.5;4013.5;68302;0
ЯНДЕКС;60;20241021;140000;4013;4016;4005;4006;32681;0
ЯНДЕКС;60;20241021;150000;4005;4017;4005;4015.5;30479;0
ЯНДЕКС;60;20241021;160000;4015;4024.5;4015;4021.5;30539;0
ЯНДЕКС;60;20241021;170000;4021.5;4054.5;4021.5;4040;113703;0
ЯНДЕКС;60;20241021;180000;4040;4041.5;4031.5;4032;53720;0
ЯНДЕКС;60;20241021;190000;4032;4038;4026.5;4032.5;13066;0
ЯНДЕКС;60;20241021;200000;4032.5;4033;4027;4030;6334;0
ЯНДЕКС;60;20241021;210000;4029.5;4030.5;4022;4028.5;9848;0
ЯНДЕКС;60;20241021;220000;4029;4030;4023;4027.5;6852;0
ЯНДЕКС;60;20241021;230000;4027.5;4034;4022.5;4031;5850;0
ЯНДЕКС;60;20241022;090000;4039;4039;4039;4039;167;0
ЯНДЕКС;60;20241022;100000;4038;4039;4000;4007.5;82426;0
ЯНДЕКС;60;20241022;110000;4007.5;4012;4000;4009.5;65936;0
ЯНДЕКС;60;20241022;120000;4010.5;4018.5;3990;4001;73835;0
ЯНДЕКС;60;20241022;130000;4001;4005;3985;3993.5;33912;0
ЯНДЕКС;60;20241022;140000;3993.5;3997;3977;3990;26678;0
ЯНДЕКС;60;20241022;150000;3990;3992.5;3979;3982.5;22904;0
ЯНДЕКС;60;20241022;160000;3980.5;3988;3977.5;3983.5;17645;0
ЯНДЕКС;60;20241022;170000;3981.5;3991.5;3980;3987;22644;0
ЯНДЕКС;60;20241022;180000;3987;3989.5;3976;3976;23176;0
ЯНДЕКС;60;20241022;190000;3976;3976;3956;3961;30248;0
ЯНДЕКС;60;20241022;200000;3961;3970;3954;3969.5;17637;0
ЯНДЕКС;60;20241022;210000;3970;3977;3965;3971.5;4641;0
ЯНДЕКС;60;20241022;220000;3972.5;3975.5;3959.5;3963.5;7829;0
ЯНДЕКС;60;20241022;230000;3963;3966;3955.5;3964.5;4460;0
ЯНДЕКС;60;20241023;090000;3956;3956;3956;3956;327;0
ЯНДЕКС;60;20241023;100000;3956;3970;3910;3919;110609;0
ЯНДЕКС;60;20241023;110000;3919;3933.5;3915;3928;41641;0
ЯНДЕКС;60;20241023;120000;3927;3965;3925;3940.5;53600;0
ЯНДЕКС;60;20241023;130000;3940.5;3951;3931;3948.5;30290;0
ЯНДЕКС;60;20241023;140000;3948.5;3951;3929;3937.5;22371;0
ЯНДЕКС;60;20241023;150000;3937;3962;3932.5;3960.5;18865;0
ЯНДЕКС;60;20241023;160000;3960;3985.5;3956;3964;38937;0
ЯНДЕКС;60;20241023;170000;3964;3965.5;3951;3952.5;16337;0
ЯНДЕКС;60;20241023;180000;3952;3954;3938.5;3953;12319;0
ЯНДЕКС;60;20241023;190000;3941;3946;3922;3923;24564;0
ЯНДЕКС;60;20241023;200000;3922.5;3930;3882.5;3888.5;80243;0
ЯНДЕКС;60;20241023;210000;3888.5;3897;3877.5;3890;30261;0
ЯНДЕКС;60;20241023;220000;3889.5;3890;3876.5;3889;25293;0
ЯНДЕКС;60;20241023;230000;3889;3890;3880;3883.5;7146;0
ЯНДЕКС;60;20241024;090000;3883.5;3883.5;3883.5;3883.5;398;0
ЯНДЕКС;60;20241024;100000;3883.5;3905;3879;3892;150278;0
ЯНДЕКС;60;20241024;110000;3892;3918;3892;3903.5;42307;0
ЯНДЕКС;60;20241024;120000;3904;3908;3882.5;3886.5;80914;0
ЯНДЕКС;60;20241024;130000;3887;3914;3883.5;3913;35292;0
ЯНДЕКС;60;20241024;140000;3913.5;3934;3907;3930;36676;0
ЯНДЕКС;60;20241024;150000;3929.5;3931;3900;3900.5;29594;0
ЯНДЕКС;60;20241024;160000;3900;3933.5;3895.5;3933;21427;0
ЯНДЕКС;60;20241024;170000;3933;3975;3931;3972;96077;0
ЯНДЕКС;60;20241024;180000;3972.5;3974;3940.5;3960;59700;0
ЯНДЕКС;60;20241024;190000;3960;3973;3957;3958;16710;0
ЯНДЕКС;60;20241024;200000;3957;3963.5;3955;3962.5;4851;0
ЯНДЕКС;60;20241024;210000;3962.5;3967;3959;3964;7431;0
ЯНДЕКС;60;20241024;220000;3965;3965;3951.5;3957.5;6487;0
ЯНДЕКС;60;20241024;230000;3958;3972;3958;3969.5;14892;0
ЯНДЕКС;60;20241025;090000;3975;3975;3975;3975;515;0
ЯНДЕКС;60;20241025;100000;3973;3995.5;3965;3986.5;72827;0
ЯНДЕКС;60;20241025;110000;3986.5;4009;3981;4005;54174;0
ЯНДЕКС;60;20241025;120000;4005;4009.5;3978.5;3984.5;45664;0
ЯНДЕКС;60;20241025;130000;3985.5;4037;3905;4020;262325;0
ЯНДЕКС;60;20241025;140000;4020.5;4037;3936;3950;223241;0
ЯНДЕКС;60;20241025;150000;3950;3973;3940;3951.5;85765;0
ЯНДЕКС;60;20241025;160000;3952;3952;3873.5;3882.5;173468;0
ЯНДЕКС;60;20241025;170000;3882;3883;3823.5;3823.5;265826;0
ЯНДЕКС;60;20241025;180000;3824;3847;3810.5;3835;78902;0
ЯНДЕКС;60;20241025;190000;3840;3864.5;3825;3836.5;62153;0
ЯНДЕКС;60;20241025;200000;3835.5;3855.5;3828;3853.5;20603;0
ЯНДЕКС;60;20241025;210000;3853;3853;3834;3838;15834;0
ЯНДЕКС;60;20241025;220000;3838;3849;3834;3840;23523;0
ЯНДЕКС;60;20241025;230000;3840;3845;3833.5;3834.5;29477;0
ЯНДЕКС;60;20241028;090000;3800;3800;3800;3800;4594;0
ЯНДЕКС;60;20241028;100000;3797.5;3824;3772.5;3800;280169;0
ЯНДЕКС;60;20241028;110000;3799.5;3828.5;3790;3819;134960;0
ЯНДЕКС;60;20241028;120000;3819.5;3874.5;3819.5;3829.5;127964;0
ЯНДЕКС;60;20241028;130000;3829.5;3838;3815;3827;40328;0
ЯНДЕКС;60;20241028;140000;3827.5;3831.5;3776.5;3777.5;123334;0
ЯНДЕКС;60;20241028;150000;3777.5;3818;3773;3780;96850;0
ЯНДЕКС;60;20241028;160000;3780;3788;3724.5;3726;182639;0
ЯНДЕКС;60;20241028;170000;3724.5;3737.5;3700;3722;145756;0
ЯНДЕКС;60;20241028;180000;3722.5;3726;3660.5;3685.5;175430;0
ЯНДЕКС;60;20241028;190000;3686;3703.5;3655;3696;86141;0
ЯНДЕКС;60;20241028;200000;3695.5;3727;3682.5;3715;71838;0
ЯНДЕКС;60;20241028;210000;3715;3728.5;3702.5;3721;32762;0
ЯНДЕКС;60;20241028;220000;3721;3752;3720.5;3738;67409;0
ЯНДЕКС;60;20241028;230000;3738;3748;3731.5;3743;13547;0
ЯНДЕКС;60;20241029;090000;3765;3765;3765;3765;3959;0
ЯНДЕКС;60;20241029;100000;3767.5;3792;3731;3768;317209;0
ЯНДЕКС;60;20241029;110000;3768;3769;3701;3701.5;155281;0
ЯНДЕКС;60;20241029;120000;3701;3721.5;3670;3708;143593;0
ЯНДЕКС;60;20241029;130000;3709;3743.5;3696;3731.5;76849;0
ЯНДЕКС;60;20241029;140000;3730.5;3749;3723;3740.5;67618;0
ЯНДЕКС;60;20241029;150000;3740.5;3766.5;3735;3745.5;91718;0
ЯНДЕКС;60;20241029;160000;3746.5;3761;3720.5;3732;44439;0
ЯНДЕКС;60;20241029;170000;3732;3756;3726;3749.5;37837;0
ЯНДЕКС;60;20241029;180000;3749;3768;3738;3739;43992;0
ЯНДЕКС;60;20241029;190000;3742.5;3772;3732;3759.5;27506;0
ЯНДЕКС;60;20241029;200000;3759.5;3776;3752.5;3769.5;26378;0
ЯНДЕКС;60;20241029;210000;3769.5;3770;3758;3768;18904;0
ЯНДЕКС;60;20241029;220000;3768.5;3778;3762.5;3765.5;28312;0
ЯНДЕКС;60;20241029;230000;3765.5;3765.5;3750;3758;13459;0
ЯНДЕКС;60;20241030;090000;3769;3769;3769;3769;756;0
ЯНДЕКС;60;20241030;100000;3769;3797;3761.5;3796.5;143237;0
ЯНДЕКС;60;20241030;110000;3797;3817.5;3777.5;3784.5;88621;0
ЯНДЕКС;60;20241030;120000;3784;3810;3784;3800;40823;0
ЯНДЕКС;60;20241030;130000;3800;3806;3790.5;3800.5;34833;0
ЯНДЕКС;60;20241030;140000;3800.5;3801;3760;3761;76180;0
ЯНДЕКС;60;20241030;150000;3760.5;3775.5;3739;3761.5;61953;0
ЯНДЕКС;60;20241030;160000;3762;3763.5;3732;3762;42541;0
ЯНДЕКС;60;20241030;170000;3762;3784.5;3750.5;3773;33243;0
ЯНДЕКС;60;20241030;180000;3773;3782.5;3751.5;3753.5;48416;0
ЯНДЕКС;60;20241030;190000;3750;3752;3721;3738;38150;0
ЯНДЕКС;60;20241030;200000;3737.5;3741.5;3696;3708;46034;0
ЯНДЕКС;60;20241030;210000;3708.5;3718.5;3685.5;3707.5;37157;0
ЯНДЕКС;60;20241030;220000;3707.5;3715;3700;3709.5;22637;0
ЯНДЕКС;60;20241030;230000;3709;3712.5;3703;3710;16249;0
ЯНДЕКС;60;20241031;090000;3685;3685;3685;3685;1825;0
ЯНДЕКС;60;20241031;100000;3685;3725;3684;3721.5;105110;0
ЯНДЕКС;60;20241031;110000;3721.5;3727.5;3703.5;3707;47064;0
ЯНДЕКС;60;20241031;120000;3706.5;3710.5;3679;3706;104673;0
ЯНДЕКС;60;20241031;130000;3706.5;3720;3694;3712.5;57022;0
ЯНДЕКС;60;20241031;140000;3712.5;3733;3701;3733;46595;0
ЯНДЕКС;60;20241031;150000;3733.5;3734.5;3705;3706;39807;0
ЯНДЕКС;60;20241031;160000;3707.5;3710;3686;3691.5;65132;0
ЯНДЕКС;60;20241031;170000;3692;3696;3655;3664;110964;0
ЯНДЕКС;60;20241031;180000;3664;3677;3642;3648;52689;0
ЯНДЕКС;60;20241031;190000;3647;3655;3621;3637;57386;0
ЯНДЕКС;60;20241031;200000;3637;3654;3632;3632;19363;0
ЯНДЕКС;60;20241031;210000;3632;3648.5;3630.5;3641;20166;0
ЯНДЕКС;60;20241031;220000;3640.5;3680.5;3640;3667;23682;0
ЯНДЕКС;60;20241031;230000;3666.5;3674.5;3660;3666.5;12152;0
ЯНДЕКС;60;20241101;090000;3675;3675;3675;3675;132;0
ЯНДЕКС;60;20241101;100000;3675;3699.5;3655;3668.5;102504;0
ЯНДЕКС;60;20241101;110000;3668.5;3675;3630.5;3644.5;95419;0
ЯНДЕКС;60;20241101;120000;3644.5;3644.5;3622;3634;64309;0
ЯНДЕКС;60;20241101;130000;3633;3649;3631;3644;40771;0
ЯНДЕКС;60;20241101;140000;3644.5;3665;3643.5;3648.5;58821;0
ЯНДЕКС;60;20241101;150000;3648.5;3652.5;3627;3637;34693;0
ЯНДЕКС;60;20241101;160000;3637;3658.5;3625;3651;77939;0
ЯНДЕКС;60;20241101;170000;3650.5;3689;3625;3663.5;166353;0
ЯНДЕКС;60;20241101;180000;3665;3679;3652.5;3678.5;45418;0
ЯНДЕКС;60;20241101;190000;3678.5;3700;3676;3693;60193;0
ЯНДЕКС;60;20241101;200000;3693.5;3698.5;3670;3672.5;20141;0
ЯНДЕКС;60;20241101;210000;3671.5;3675;3664.5;3665;11349;0
ЯНДЕКС;60;20241101;220000;3665;3672;3661.5;3670;10638;0
ЯНДЕКС;60;20241101;230000;3670;3675;3670;3674;8922;0
ЯНДЕКС;60;20241102;090000;3681.5;3681.5;3681.5;3681.5;399;0
ЯНДЕКС;60;20241102;100000;3680;3694;3657;3676.5;41079;0
ЯНДЕКС;60;20241102;110000;3676;3677;3652.5;3659.5;22441;0
ЯНДЕКС;60;20241102;120000;3659.5;3663.5;3652.5;3662.5;11017;0
ЯНДЕКС;60;20241102;130000;3662.5;3675;3656.5;3669.5;18697;0
ЯНДЕКС;60;20241102;140000;3669;3683.5;3668.5;3677.5;17320;0
ЯНДЕКС;60;20241102;150000;3677;3687;3666.5;3668.5;33207;0
ЯНДЕКС;60;20241102;160000;3669;3683.5;3666;3678.5;17369;0
ЯНДЕКС;60;20241102;170000;3678.5;3692;3663;3670.5;43658;0
ЯНДЕКС;60;20241102;180000;3671;3671;3658;3661;15099;0
ЯНДЕКС;60;20241102;190000;3669;3677;3666;3676;5549;0
ЯНДЕКС;60;20241102;200000;3676;3682.5;3672.5;3680.5;5734;0
ЯНДЕКС;60;20241102;210000;3681;3684.5;3676.5;3677;4068;0
ЯНДЕКС;60;20241102;220000;3676.5;3684.5;3676;3679;4500;0
ЯНДЕКС;60;20241102;230000;3679.5;3684;3678;3683.5;6098;0
ЯНДЕКС;60;20241105;090000;3692;3692;3692;3692;2278;0
ЯНДЕКС;60;20241105;100000;3691;3703.5;3670;3681;237330;0
ЯНДЕКС;60;20241105;110000;3681.5;3682;3654;3664.5;129104;0
ЯНДЕКС;60;20241105;120000;3664.5;3678.5;3656.5;3663.5;63026;0
ЯНДЕКС;60;20241105;130000;3663.5;3669;3654.5;3657.5;50674;0
ЯНДЕКС;60;20241105;140000;3657;3662;3614.5;3627.5;230098;0
ЯНДЕКС;60;20241105;150000;3627.5;3647;3624;3642.5;45865;0
ЯНДЕКС;60;20241105;160000;3642;3646.5;3621.5;3627.5;47904;0
ЯНДЕКС;60;20241105;170000;3628;3641.5;3602.5;3629;87717;0
ЯНДЕКС;60;20241105;180000;3628.5;3642;3625.5;3639.5;37476;0
ЯНДЕКС;60;20241105;190000;3639;3649;3631.5;3646.5;26478;0
ЯНДЕКС;60;20241105;200000;3646.5;3647.5;3632;3632.5;14456;0
ЯНДЕКС;60;20241105;210000;3632.5;3639;3629;3631;11585;0
ЯНДЕКС;60;20241105;220000;3631;3639.5;3631;3639.5;6104;0
ЯНДЕКС;60;20241105;230000;3639.5;3646;3620;3646;25962;0
ЯНДЕКС;60;20241106;090000;3723.5;3723.5;3723.5;3723.5;3850;0
ЯНДЕКС;60;20241106;100000;3723;3775;3680;3770.5;579688;0
ЯНДЕКС;60;20241106;110000;3770.5;3787.5;3740;3753;259372;0
ЯНДЕКС;60;20241106;120000;3753;3764;3735;3736;150813;0
ЯНДЕКС;60;20241106;130000;3735.5;3739;3716;3737;57937;0
ЯНДЕКС;60;20241106;140000;3737.5;3745.5;3721;3726;60237;0
ЯНДЕКС;60;20241106;150000;3726.5;3726.5;3686.5;3706;104905;0
ЯНДЕКС;60;20241106;160000;3706.5;3715;3685;3701;79718;0
ЯНДЕКС;60;20241106;170000;3701;3701;3654.5;3664.5;98418;0
ЯНДЕКС;60;20241106;180000;3665;3689;3662;3670;36370;0
ЯНДЕКС;60;20241106;190000;3670;3685;3668.5;3681;21100;0
ЯНДЕКС;60;20241106;200000;3681;3694;3679.5;3693;10001;0
ЯНДЕКС;60;20241106;210000;3692.5;3696;3681.5;3684;12379;0
ЯНДЕКС;60;20241106;220000;3684;3695.5;3681;3682;12463;0
ЯНДЕКС;60;20241106;230000;3682;3682;3670.5;3677;7940;0
ЯНДЕКС;60;20241107;120000;3677;3677;3635;3644;102582;0
ЯНДЕКС;60;20241107;130000;3642.5;3644.5;3619;3629;120841;0
ЯНДЕКС;60;20241107;140000;3629;3691.5;3629;3666;127888;0
ЯНДЕКС;60;20241107;150000;3666;3689.5;3665;3678;97254;0
ЯНДЕКС;60;20241107;160000;3678;3699;3668;3675;54248;0
ЯНДЕКС;60;20241107;170000;3674;3749;3674;3747;199157;0
ЯНДЕКС;60;20241107;180000;3747.5;3765;3737.5;3765;102243;0
ЯНДЕКС;60;20241107;190000;3765;3770.5;3744.5;3745;66316;0
ЯНДЕКС;60;20241107;200000;3744.5;3752.5;3732;3746.5;35039;0
ЯНДЕКС;60;20241107;210000;3745.5;3760;3735.5;3759;21827;0
ЯНДЕКС;60;20241107;220000;3759;3779.5;3756.5;3774;55601;0
ЯНДЕКС;60;20241107;230000;3773.5;3817;3773.5;3811.5;72350;0
ЯНДЕКС;60;20241108;090000;3820;3820;3820;3820;2989;0
ЯНДЕКС;60;20241108;100000;3821.5;3848;3791.5;3845.5;192419;0
ЯНДЕКС;60;20241108;110000;3845.5;3864.5;3820;3823;173155;0
ЯНДЕКС;60;20241108;120000;3824;3837.5;3821;3827;50401;0
ЯНДЕКС;60;20241108;130000;3828;3831;3780.5;3793.5;110975;0
ЯНДЕКС;60;20241108;140000;3792;3814.5;3783;3795.5;42570;0
ЯНДЕКС;60;20241108;150000;3796;3825;3791;3821.5;61494;0
ЯНДЕКС;60;20241108;160000;3821.5;3822;3805;3809;26779;0
ЯНДЕКС;60;20241108;170000;3809;3810;3790;3807;23248;0
ЯНДЕКС;60;20241108;180000;3806;3830;3789;3818.5;56064;0
ЯНДЕКС;60;20241108;190000;3821;3858;3821;3846;72782;0
ЯНДЕКС;60;20241108;200000;3846.5;3885.5;3844;3868;59474;0
ЯНДЕКС;60;20241108;210000;3868;3871;3853;3867.5;26287;0
ЯНДЕКС;60;20241108;220000;3868;3893;3865;3888;32784;0
ЯНДЕКС;60;20241108;230000;3889.5;3895;3875.5;3888;26598;0
ЯНДЕКС;60;20241111;090000;3912;3912;3912;3912;1603;0
ЯНДЕКС;60;20241111;100000;3913.5;3944;3893.5;3918;246127;0
ЯНДЕКС;60;20241111;110000;3918;3939.5;3905.5;3937.5;101533;0
ЯНДЕКС;60;20241111;120000;3936;3936;3904;3906;98964;0
ЯНДЕКС;60;20241111;130000;3906;3927;3901;3922;72037;0
ЯНДЕКС;60;20241111;140000;3922;3924;3887;3903;92846;0
ЯНДЕКС;60;20241111;150000;3903;3912.5;3868.5;3902;73987;0
ЯНДЕКС;60;20241111;160000;3902;3927;3893;3917;71822;0
ЯНДЕКС;60;20241111;170000;3917.5;3922.5;3900;3905.5;35462;0
ЯНДЕКС;60;20241111;180000;3905.5;3920;3884;3895;48730;0
ЯНДЕКС;60;20241111;190000;3895;3913.5;3895;3908;18498;0
ЯНДЕКС;60;20241111;200000;3907;3908.5;3890.5;3904.5;13534;0
ЯНДЕКС;60;20241111;210000;3905;3905.5;3890;3895;15136;0
ЯНДЕКС;60;20241111;220000;3895.5;3900;3890;3898;7679;0
ЯНДЕКС;60;20241111;230000;3898;3903;3876;3885;14831;0
ЯНДЕКС;60;20241112;090000;3884;3884;3884;3884;398;0
ЯНДЕКС;60;20241112;100000;3883.5;3889;3805.5;3830;178726;0
ЯНДЕКС;60;20241112;110000;3830.5;3863.5;3819.5;3826.5;117120;0
ЯНДЕКС;60;20241112;120000;3824.5;3840;3819.5;3827.5;55497;0
ЯНДЕКС;60;20241112;130000;3828;3840;3804;3811;77644;0
ЯНДЕКС;60;20241112;140000;3811;3814.5;3797;3801;82749;0
ЯНДЕКС;60;20241112;150000;3801.5;3807;3783.5;3787;160401;0
ЯНДЕКС;60;20241112;160000;3788;3792.5;3763;3778.5;140381;0
ЯНДЕКС;60;20241112;170000;3776.5;3781.5;3767;3770.5;95938;0
ЯНДЕКС;60;20241112;180000;3771.5;3778.5;3761;3769.5;95892;0
ЯНДЕКС;60;20241112;190000;3769;3769;3753.5;3761;44343;0
ЯНДЕКС;60;20241112;200000;3761;3772;3759;3767;24742;0
ЯНДЕКС;60;20241112;210000;3767;3768;3758;3761;22707;0
ЯНДЕКС;60;20241112;220000;3760.5;3761.5;3747;3755.5;52512;0
ЯНДЕКС;60;20241112;230000;3755.5;3769;3753;3758.5;20862;0
ЯНДЕКС;60;20241113;090000;3747;3747;3747;3747;1383;0
ЯНДЕКС;60;20241113;100000;3747.5;3780;3745.5;3759;133597;0
ЯНДЕКС;60;20241113;110000;3759.5;3775;3757;3765.5;76767;0
ЯНДЕКС;60;20241113;120000;3765.5;3800;3765;3782;206935;0
ЯНДЕКС;60;20241113;130000;3782;3783;3750;3750;78455;0
ЯНДЕКС;60;20241113;140000;3750.5;3758.5;3735;3742.5;82968;0
ЯНДЕКС;60;20241113;150000;3743;3743;3690;3720;286581;0
ЯНДЕКС;60;20241113;160000;3720;3750.5;3718;3724.5;130051;0
ЯНДЕКС;60;20241113;170000;3724;3742.5;3709;3725;88165;0
ЯНДЕКС;60;20241113;180000;3725;3746;3713;3718.5;79396;0
ЯНДЕКС;60;20241113;190000;3707.5;3714.5;3685;3687;124871;0
ЯНДЕКС;60;20241113;200000;3687.5;3705.5;3682.5;3695.5;50428;0
ЯНДЕКС;60;20241113;210000;3695.5;3704.5;3692.5;3701;20267;0
ЯНДЕКС;60;20241113;220000;3702;3714.5;3699;3707;22408;0
ЯНДЕКС;60;20241113;230000;3707;3707.5;3689;3693;20648;0
ЯНДЕКС;60;20241114;090000;3689;3689;3689;3689;879;0
ЯНДЕКС;60;20241114;100000;3690;3706;3665;3689.5;141100;0
ЯНДЕКС;60;20241114;110000;3689;3730;3681.5;3702.5;102248;0
ЯНДЕКС;60;20241114;120000;3702;3712;3694;3710;46209;0
ЯНДЕКС;60;20241114;130000;3709.5;3724.5;3701.5;3709;85834;0
ЯНДЕКС;60;20241114;140000;3708;3720;3682;3693.5;94680;0
ЯНДЕКС;60;20241114;150000;3693.5;3694.5;3680;3681.5;49403;0
ЯНДЕКС;60;20241114;160000;3681.5;3695;3680;3680;37873;0
ЯНДЕКС;60;20241114;170000;3680;3680.5;3660;3661;75342;0
ЯНДЕКС;60;20241114;180000;3661;3671.5;3650;3658;97624;0
ЯНДЕКС;60;20241114;190000;3659.5;3680;3652;3671.5;40101;0
ЯНДЕКС;60;20241114;200000;3671.5;3674;3662;3667.5;20491;0
ЯНДЕКС;60;20241114;210000;3667.5;3674.5;3666.5;3674;8081;0
ЯНДЕКС;60;20241114;220000;3673.5;3685.5;3671;3682.5;12237;0
ЯНДЕКС;60;20241114;230000;3681.5;3682;3663.5;3678;17214;0
ЯНДЕКС;60;20241115;090000;3678.5;3678.5;3678.5;3678.5;332;0
ЯНДЕКС;60;20241115;100000;3678;3698.5;3667;3687;127651;0
ЯНДЕКС;60;20241115;110000;3687;3705;3666.5;3700;115515;0
ЯНДЕКС;60;20241115;120000;3700;3700.5;3679.5;3681.5;68755;0
ЯНДЕКС;60;20241115;130000;3681;3687.5;3670;3672;51827;0
ЯНДЕКС;60;20241115;140000;3672;3685;3672;3676;33351;0
ЯНДЕКС;60;20241115;150000;3676.5;3697;3668;3679;67716;0
ЯНДЕКС;60;20241115;160000;3678.5;3690.5;3673.5;3678;55595;0
ЯНДЕКС;60;20241115;170000;3678;3698.5;3678;3684.5;56283;0
ЯНДЕКС;60;20241115;180000;3684.5;3698.5;3684;3690;30660;0
ЯНДЕКС;60;20241115;190000;3697;3721;3695.5;3707.5;75750;0
ЯНДЕКС;60;20241115;200000;3707.5;3715;3703.5;3705;15058;0
ЯНДЕКС;60;20241115;210000;3705.5;3713;3702;3712.5;12588;0
ЯНДЕКС;60;20241115;220000;3712.5;3717;3709;3713;11948;0
ЯНДЕКС;60;20241115;230000;3714;3720;3706.5;3712;22963;0
